{"templates":["2d6bae4d699b46e5d4dc842e66d8eafcac9725d2"],"oligo":{"based_on":"monomer","res_to_mdl":931,"state":"monomer","state_bu":"hetero-1-2-1-mer","qs_prediction":"0.000","qs_conserved":"not conserved","chains_to_mdl":1,"state_tpl":"monomer"},"pred_lddt":0.3619999886,"chain_subprj_list":null,"creation_date":"2020-01-31","ligands":[{"description":"ZINC ION","number":"1","reason":{"sterically_valid":true,"conserved_residues":true,"relevant":true,"bound":true},"included":true,"model_binding_residues":["A.746","A.752","A.757","A.761","_.1"],"name":["ZN"]},{"description":"ZINC ION","number":"2","reason":{"sterically_valid":true,"conserved_residues":true,"relevant":true,"bound":true},"included":true,"model_binding_residues":["A.938","A.1093","A.1096","A.1097","_.2"],"name":["ZN"]}],"modified_template":false,"plip":null,"residue_range":[{"chain_name":"A","residue_from":"568","residue_to":"1370"}],"mdlchain_butpl_map":{"A":"6nur.1.A","L_2":"6nur.1.L_2","L_1":"6nur.1.L_1"},"qmean_values":{"local_scores":{"A":[null,null,null,null,null,null,null,null,null,null,null,null,null,null,null,null,null,null,null,null,null,null,null,null,null,null,null,null,null,null,null,null,null,null,null,null,null,null,null,null,null,null,null,null,null,null,null,null,null,null,null,null,null,null,null,null,null,null,null,null,null,null,null,null,null,null,null,null,null,null,null,null,null,null,null,null,null,null,null,null,null,null,null,null,null,null,null,null,null,null,null,null,null,null,null,null,null,null,null,null,null,null,null,null,null,null,null,null,null,null,null,null,null,null,null,null,null,null,null,null,null,null,null,null,null,null,null,null,null,null,null,null,null,null,null,null,null,null,null,null,null,null,null,null,null,null,null,null,null,null,null,null,null,null,null,null,null,null,null,null,null,null,null,null,null,null,null,null,null,null,null,null,null,null,null,null,null,null,null,null,null,null,null,null,null,null,null,null,null,null,null,null,null,null,null,null,null,null,null,null,null,null,null,null,null,null,null,null,null,null,null,null,null,null,null,null,null,null,null,null,null,null,null,null,null,null,null,null,null,null,null,null,null,null,null,null,null,null,null,null,null,null,null,null,null,null,null,null,null,null,null,null,null,null,null,null,null,null,null,null,null,null,null,null,null,null,null,null,null,null,null,null,null,null,null,null,null,null,null,null,null,null,null,null,null,null,null,null,null,null,null,null,null,null,null,null,null,null,null,null,null,null,null,null,null,null,null,null,null,null,null,null,null,null,null,null,null,null,null,null,null,null,null,null,null,null,null,null,null,null,null,null,null,null,null,null,null,null,null,null,null,null,null,null,null,null,null,null,null,null,null,null,null,null,null,null,null,null,null,null,null,null,null,null,null,null,null,null,null,null,null,null,null,null,null,null,null,null,null,null,null,null,null,null,null,null,null,null,null,null,null,null,null,null,null,null,null,null,null,null,null,null,null,null,null,null,null,null,null,null,null,null,null,null,null,null,null,null,null,null,null,null,null,null,null,null,null,null,null,null,null,null,null,null,null,null,null,null,null,null,null,null,null,null,null,null,null,null,null,null,null,null,null,null,null,null,null,null,null,null,null,null,null,null,null,null,null,null,null,null,null,null,null,null,null,null,null,null,null,null,null,null,null,null,null,null,null,null,null,null,null,null,null,null,null,null,null,null,null,null,null,null,null,null,null,null,null,null,null,null,null,null,null,null,null,null,null,null,null,null,null,null,null,null,null,null,null,null,null,null,null,null,null,null,null,null,null,null,null,null,null,null,null,null,null,null,null,null,null,null,null,null,null,null,null,null,null,null,null,null,null,null,null,null,null,null,null,0.4953342878,0.4712119859,0.7760009345,0.868702522,0.8279346463,0.8665266346,0.9126029381,0.8886933234,0.9412202066,0.9068268254,0.9167558001,0.9297112961,0.8781027245,0.9450614772,0.9225781325,0.8315905394,0.8629971421,0.8769970222,0.8493394355,0.8049220594,0.7209858271,0.8069581787,0.8730391396,0.8773560016,0.8871013339,0.9042030451,0.8631617164,0.8695786814,0.8921399747,0.8916569578,0.8726182569,0.8707804887,0.853772192,0.8580909401,0.8803913096,0.8660851312,0.8320652788,0.825769246,0.7967234141,0.7967400352,0.8102112916,0.7851014227,0.7711286275,0.7644020746,0.8328287296,0.8066318956,0.8365025264,0.8775586523,0.8794107191,0.9023039781,0.8437208438,0.8763450789,0.9193789989,0.8578747861,0.8688869807,0.8655123118,0.779718897,0.894439778,0.8732266303,0.9226835972,0.8831870741,0.9022562782,0.9396797556,0.8725711192,0.851210987,0.9401694459,0.8585630798,0.8967110002,0.9601947893,0.9284225475,0.9073084432,0.8925183939,0.9260004041,0.9127144729,0.8753479745,0.9005259412,0.9039750037,0.8703225053,0.9116835117,0.8479218809,0.7950129932,0.8732321777,0.9069635038,0.9105083131,0.8491025803,0.8878415318,0.9331283875,0.9060786385,0.912835611,0.9185522537,0.9168676262,0.8896965763,0.8939529429,0.8851605415,0.8953336677,0.9040200772,0.9144252684,0.9613885199,0.9025979396,0.8043869843,0.8152234511,0.811826297,0.7869585726,0.7913147094,0.7934436106,0.7917657774,0.7985812866,0.8046363591,0.8448659823,0.8584232085,0.8814661316,0.891382985,0.8734512678,0.9125149019,0.8895468326,0.9376644465,0.9030099585,0.9148171008,0.8991347343,0.9339982532,0.9134307804,0.9197551205,0.9510841362,0.9241217688,0.9303441797,0.9055002089,0.9700406502,0.9117479612,0.9201215019,0.9107067446,0.8992834204,0.8932718272,0.8008706938,0.9492386058,0.8934154355,0.8570942022,0.8778882716,0.8178069094,0.8387913566,0.7006455558,0.7212825497,0.7175235051,0.7897377655,0.7288902821,0.7026388577,0.6943879049,0.6743778021,0.7031223112,0.6013816232,0.6781996731,0.653837942,0.6281049106,0.7016482426,0.6949112404,0.685574011,0.7889305747,0.8574669065,0.9071429543,0.9135630338,0.921554844,0.8856262494,0.8898893725,0.8300793833,0.8894235151,0.8773696275,0.8994556516,0.9001726412,0.8814113769,0.8377977291,0.8988055268,0.9086931478,0.8636758953,0.8540877218,0.853777486,0.8635316079,0.8363526556,0.8736367168,0.8666257773,0.8651202725,0.9608135447,0.9237817501,0.9356451668,0.9102079437,0.8666331854,0.8798451218,0.8007429473,0.8644233893,0.91386761,0.8432631581,0.9140140476,0.9092000294,0.9409132164,0.8981977638,0.9506475793,0.9847397384,0.9363023299,0.9292800362,0.9408070181,0.9454077131,0.9220722902,0.9125659405,0.9417481349,0.9110888343,0.9122019951,0.8835099353,0.9310069365,0.9378599579,0.8757303301,0.9249512765,0.9179103354,0.9862469251,0.992034435,0.9272806437,0.9215545822,0.8151917013,0.8405327275,0.8456242318,0.820470229,0.8415487714,0.7734492185,0.870427012,0.8626960581,0.901414271,0.882517876,0.9036412877,0.9197231236,0.9532393357,0.9261014087,0.9828500847,0.9427418689,0.9224528891,0.9539794947,0.8624498154,0.9172460459,0.9566916574,0.9836232374,0.9591876075,0.9528219949,0.8789262356,0.9226581125,0.8527267164,0.8891264652,0.8987693263,0.8248979173,0.761341999,0.7168658774,0.7861851269,0.7732626172,0.7110863559,0.8372601627,0.8780753222,0.8568535761,0.8688003317,0.8794120601,0.8945663801,0.9196801946,0.9463421711,0.9045484443,0.9636574351,0.9859345631,0.9413621941,0.9716739502,0.9530980506,0.833821596,0.8283446927,0.9073312858,0.8486154289,0.7644650542,0.7943985832,0.7211815072,0.6509317675,0.7022132365,0.6728165057,0.7559141713,0.7408428833,0.7225799956,0.8202400056,0.810222123,0.827652407,0.772633456,0.8884283885,0.8794731825,0.8893337892,0.8739825834,0.7785740176,0.767235474,0.7395477594,0.7087037875,0.7362732028,0.7659464381,0.6440629493,0.705775794,0.7429140142,0.7674818943,0.7117582117,0.7821526108,0.8443640278,0.8327699283,0.817266858,0.8949706524,0.8619880865,0.8889083681,0.9001519133,0.8875285451,0.8886032647,0.8921494371,0.9296043179,0.8845435947,0.8893895978,0.8639385675,0.9005321712,0.8829825619,0.8531447514,0.8112618435,0.7962459961,0.8572788227,0.8830352007,0.9036333626,0.9060002617,0.8456613733,0.8649544174,0.8106824364,0.8220689105,0.7586012911,0.7091079439,0.6482656728,0.7686598997,0.7073342365,0.7157567961,0.7822183605,0.8099851432,0.8695876065,0.8925215856,0.8390745187,0.8724057987,0.8501098895,0.8464261515,0.8466333804,0.8286904644,0.8784615445,0.7663034027,0.8560113338,0.9110062434,0.899671461,0.9491381054,0.9220012628,0.884652692,0.9667504123,0.9523136909,0.9182267184,0.8653846985,0.9122690507,0.9432116776,0.9292099064,0.9169751457,0.9533197715,0.9427829292,0.9054423365,0.937178611,0.9509508533,0.9294755979,0.8945798337,0.9365545791,0.9203334721,0.88948974,0.8392298212,0.8482739163,0.8937374113,0.976029739,0.9654150256,0.9431001277,0.8604121456,0.8510100704,0.9104399558,0.8212795323,0.7695690441,0.8360373113,0.769221193,0.8553739235,0.7953314907,0.8332030307,0.8675669525,0.855688303,0.8569210508,0.930868999,0.9619845122,0.9693109413,0.9280433847,0.9577857127,0.8921186318,0.8881636014,0.8301894066,0.7591654517,0.9278121804,0.8794985663,0.9605511693,0.8218387167,0.8777494321,0.9005796944,0.8978558821,0.895012902,0.9212112875,0.8801290445,0.9170880449,0.8653294638,0.8585323647,0.9118976972,0.8973656339,0.8986080455,0.9475978364,0.9268156419,0.9127000847,0.9367367666,0.9015721973,0.9515506755,0.885386725,0.8257844736,0.9367915491,1.0,0.9802291065,1.0,0.986584425,0.960674699,0.9667585511,0.8952169681,0.8400492892,0.8324480687,0.7872438384,0.7422608328,0.6961449153,0.8471502178,0.8256660288,0.8317232247,0.8361199898,0.6835376237,0.6827575693,0.6673145002,0.8285919557,0.7281317047,0.8221346109,0.8409742285,0.9215861254,0.9510396526,0.9550702526,0.98350142,0.9645402398,0.9962624639,1.0,0.9660193197,0.9156927284,0.9611310642,0.9514117828,0.8274681695,0.8781363458,0.9203647108,0.9120644478,0.8638575896,0.8646146021,0.919139462,0.9058533588,0.8362753573,0.8930853185,0.8823330264,0.9060144587,0.8682659811,0.8293169714,0.7701001596,0.9261506569,0.9314863318,0.9433742931,0.9532904896,0.9203673309,0.8882397219,0.9072564082,0.8522903512,0.8477966692,0.809647435,0.8169505774,0.7970421009,0.8676984419,0.8933701689,0.8483740354,0.8435357115,0.8618455146,0.8456395054,0.8964105444,0.8602906065,0.8886264763,0.9239103024,0.9070164334,0.9376593794,0.8973136828,0.9244472437,0.8956083077,0.9241201963,0.9460149456,0.8826682895,0.9149171863,0.8841786372,0.9308188454,0.8604601723,0.8769325447,0.8661546235,0.9088396634,0.8293686761,0.9139645349,0.8928783128,0.8288059963,0.9586034745,0.9037873221,0.9843054632,0.949328033,0.9236496862,0.960762947,0.912482242,0.9436978571,0.9250378699,0.9951212544,0.9870618531,0.9425428084,0.9507812188,0.9609331106,0.9750546627,0.8941022824,0.929112239,0.8787835207,0.8459549995,0.7339825176,0.8167996503,0.8584340908,0.8311436339,0.8121478523,0.855335764,0.833881296,0.8184331944,0.8961656132,0.8986923195,0.8816611203,0.9394317694,0.9721992739,0.9704695527,0.9478656498,0.9757111107,0.9894767928,0.9320424917,0.9761940821,0.9520809103,0.9658097807,0.9094701096,0.9147479056,0.9603306792,0.8915389193,0.8982370808,0.8502840674,0.8534506868,0.8948954184,0.9206615479,0.8841603488,0.9348656783,0.8883328501,0.9586462646,0.9801433868,0.9673545234,0.9369210287,0.9414170807,0.8905828916,0.9228889223,0.9119401578,0.9632123508,0.9279433899,0.9090764349,0.9349742255,0.919038028,0.9686709572,0.9217655067,0.9523485362,0.9498004826,0.9291249987,0.9402262211,0.939929386,0.957299296,0.9246193573,0.9748203414,0.9606723847,0.9516830578,0.9737113456,0.9472810523,0.9596147937,0.9481871936,0.973139852,0.9317646018,0.9299838223,0.9392881835,0.9116898923,0.847296827,0.8904799184,0.8113068307,0.7684491124,0.8265833576,0.8588334769,0.8516108799,0.825007383,0.8654822629,0.9198699384,0.7980684167,0.8759222475,0.8999488215,0.8774881057,0.8667927238,0.8420622156,0.9098051145,0.8952889541,0.8584720352,0.917784194,0.9236555134,0.9000301198,0.8157683962,0.8722198133,0.7911651358,0.8365478804,0.8770041189,0.8759346477,0.8853153743,0.8887064666,0.9018410031,0.9314875024,0.9076898232,0.8920530935,0.9189455345,0.9054915965,0.9479450346,0.905413621,0.9292161487,0.8691572225,0.8955212974,0.9152461132,0.9303109864,0.9398129997,0.8986884397,0.9024660008,0.9088998741,0.8906301038,0.8978979308,0.8542211009,0.8614777171,0.9395956075,0.9266697688,0.9406912034,0.9403950339,0.9299053167,0.9352384126,0.9569588584,0.9266881266,0.9170393219,0.984363835,0.9299492923,0.8692036938,0.9529143781,0.9349770652,0.9662183602,0.9947531884,0.9500679915,0.8997735501,0.8807018279,0.9391530476,0.9261098218,0.8821104517,0.936274417,0.9457861916,0.9377369951,0.9055504968,0.9147918622,0.9271129463,0.9459901636,0.9306204922,0.9251275475,0.8800108625,0.8345920922,0.8307662253,0.7558347345,0.8004647467,0.7561371802,0.8777345976,0.8467382211,0.9087006345,0.8278498434,0.863784383,0.8369271059,0.8638160169,0.84711349,0.8401036997,0.9522361995,0.9504094746,0.8363124082,0.8278168624,0.8431809729,0.8403445284,0.8481757854,0.8283838335,0.8546737804,0.9154735835,0.8538113157,0.8766219746,0.8741574871,0.7802675295,0.7574639609,0.7485804037,0.6881946617,0.6779020794,0.7653240524,0.8666716428,0.8786183361,0.9070535768,0.945777606,0.9055644242,0.9524255604,0.9164028625,0.9595647028,0.9228785203,0.8488327095,0.9153951996,0.9304108717,0.9396068526,0.9554601102,0.9544631729,0.9340736997,0.8561666551,0.8652833515,0.7869566312,0.7692595161,0.7292185412,0.7735875308,0.6991832926,0.7002957562,0.73449681,0.8215851283,0.7852052448,0.8152856901,0.8114285557,0.8324441159,0.8291830736,0.8252572097,0.9035321152,0.8881460258,0.9173302666,0.9170181316,0.9515194792,0.9033384339,0.9253358152,0.965351209,0.9171130543,0.9529845089,0.9063221501,0.8995094467,0.8437220507,0.85628082,0.8864209217,0.8778592048,0.8343628483,0.8579724915,0.8911730315,0.9330934733,0.8989239084,0.9286880967,0.924530483,0.8827566921,0.9062956969,0.9254184733,0.8991873822,0.8846592803,0.8888986686,0.8596216358,0.7628473841,0.8698238673,0.8673870755,0.7907862357,0.8224581546,0.8123156288,0.7813875497,0.638166068,0.2690221961,0.186324224,0.6228541738,0.2068287511,0.5424928547,0.5581666863,0.1545909036,0.2139507414,0.2149354169,0.6703313013,0.8307497259,0.8597694007,0.8826731173,0.811583332,0.8424364529,0.8708378118,0.8781866359,0.7395107576,0.8143558022,0.7734956391,0.7599493949,0.7339839642,0.5722088199,null,null,null,null,null,null,null,null,null,null,null,null,null,null,null,null,null,null,null,null,null,null,null,null,null,null,null,null,null,null,null,null,null,null,null,null,null,null,null,null,null,null,null,null,null,null,null,null,null,null,null,null,null,null,null,null,null,null,null,null,null,null,null,null,null,null,null,null,null,null,null,null,null,null,null,null,null,null,null,null,null,null,null,null,null,null,null,null,null,null,null,null,null,null,null,null,null,null,null,null,null,null,null,null,null,null,null,null,null,null,null,null,null,null,null,null,null,null,null,null,null,null,null,null,null,null,null,null,null,null,null,null,null,null,null,null,null,null,null,null,null,null,null,null,null,null,null,null,null,null,null,null,null,null,null,null,null,null,null,null,null,null,null,null,null,null,null,null,null,null,null,null,null,null,null,null,null,null,null,null,null,null,null,null,null,null,null,null,null,null,null,null,null,null,null,null,null,null,null,null,null,null,null,null,null,null,null,null,null,null,null,null,null,null,null,null,null,null,null,null,null,null,null,null,null,null,null,null,null,null,null,null,null,null,null,null,null,null,null,null,null,null,null,null,null,null,null,null,null,null,null,null,null,null,null,null,null,null,null,null,null,null,null,null,null,null,null,null,null,null,null,null,null,null,null,null,null,null,null,null,null,null,null,null,null,null,null,null,null,null,null,null,null,null,null,null,null,null,null,null,null,null,null,null,null,null,null,null,null,null,null,null,null,null,null,null,null,null,null,null,null,null,null,null,null,null,null,null,null,null,null,null,null,null,null,null,null,null,null,null,null,null,null,null,null,null,null,null,null,null,null,null,null,null,null,null,null,null,null,null,null,null,null,null,null,null,null,null,null,null,null,null,null,null,null,null,null,null,null,null,null,null,null,null,null,null,null,null,null,null,null,null,null,null,null,null,null,null,null,null,null,null,null,null,null,null,null,null,null,null,null,null,null,null,null,null,null,null,null,null,null,null,null,null,null,null,null,null,null,null,null,null,null,null,null,null,null,null,null,null,null,null,null,null,null,null,null,null,null,null,null,null,null,null,null,null,null,null,null,null,null,null,null,null,null,null,null,null,null,null,null,null,null,null,null,null,null,null,null,null,null,null,null,null,null,null,null,null,null,null,null,null,null,null,null,null,null,null,null,null,null,null,null,null,null,null,null,null,null,null,null,null,null,null,null,null,null,null,null,null,null,null,null,null,null,null,null,null,null,null,null,null,null]},"global_scores":{"interaction_norm_score":-0.0190618337,"qmean6_z_score":-1.3465802339,"torsion_z_score":-0.6513774606,"torsion_norm_score":-0.2437044658,"ss_agreement_z_score":-2.3806400404,"acc_agreement_norm_score":0.6637608966,"cbeta_norm_score":-0.0124431613,"packing_z_score":-0.172425689,"packing_norm_score":-0.3475683261,"qmean4_z_score":-0.6868431199,"interaction_z_score":-0.4045833601,"ss_agreement_norm_score":0.3786224679,"avg_local_score":0.8673645749,"cbeta_z_score":0.3187519184,"qmean6_norm_score":0.7105846982,"qmean4_norm_score":0.739544268,"acc_agreement_z_score":-0.5001424179,"avg_local_score_error":0.053}},"major_issues":null,"mod_engine":"PROMOD3","tpl_info":{"6nur.1.A":{"origin":"reference database","entity_id":"1","label_asym_id":"A","entity_type":"polymer"},"6nur.1.L_1":{"origin":"reference database","entity_id":"4","label_asym_id":"E","entity_type":"non-polymer"},"6nur.1.L_2":{"origin":"reference database","entity_id":"4","label_asym_id":"F","entity_type":"non-polymer"}}}