{"templates":["5174ed153b6534048223c27ec867dc624128fb91"],"oligo":{"based_on":"monomer","res_to_mdl":298,"state":"monomer","state_bu":"hetero-oligomer","qs_prediction":"0.000","qs_conserved":"not conserved","chains_to_mdl":1,"state_tpl":"monomer"},"pred_lddt":0.0700000003,"chain_subprj_list":null,"creation_date":"2020-01-31","ligands":[{"description":"S-ADENOSYLMETHIONINE","number":"1","reason":{"sterically_valid":true,"conserved_residues":true,"relevant":true,"bound":true},"included":true,"model_binding_residues":["A.2447","A.2451","A.2475","A.2476","A.2477","A.2478","A.2484","A.2485","A.2503","A.2504","A.2505","A.2517","A.2518","A.2519","A.2534","A.2535","A.2536","A.2553","A.2574","_.1"],"name":["SAM"]},{"description":"ZINC ION","number":"2","reason":{"sterically_valid":false,"conserved_residues":false,"relevant":true,"bound":true},"included":false,"model_binding_residues":[],"name":["ZN"]},{"description":"ZINC ION","number":"3","reason":{"sterically_valid":false,"conserved_residues":false,"relevant":true,"bound":true},"included":false,"model_binding_residues":[],"name":["ZN"]}],"modified_template":false,"plip":null,"residue_range":[{"chain_name":"A","residue_from":"2407","residue_to":"2698"}],"mdlchain_butpl_map":{"A":"3r24.1.A","L_1":"3r24.1.L_1"},"qmean_values":{"local_scores":{"A":[null,null,null,null,null,null,null,null,null,null,null,null,null,null,null,null,null,null,null,null,null,null,null,null,null,null,null,null,null,null,null,null,null,null,null,null,null,null,null,null,null,null,null,null,null,null,null,null,null,null,null,null,null,null,null,null,null,null,null,null,null,null,null,null,null,null,null,null,null,null,null,null,null,null,null,null,null,null,null,null,null,null,null,null,null,null,null,null,null,null,null,null,null,null,null,null,null,null,null,null,null,null,null,null,null,null,null,null,null,null,null,null,null,null,null,null,null,null,null,null,null,null,null,null,null,null,null,null,null,null,null,null,null,null,null,null,null,null,null,null,null,null,null,null,null,null,null,null,null,null,null,null,null,null,null,null,null,null,null,null,null,null,null,null,null,null,null,null,null,null,null,null,null,null,null,null,null,null,null,null,null,null,null,null,null,null,null,null,null,null,null,null,null,null,null,null,null,null,null,null,null,null,null,null,null,null,null,null,null,null,null,null,null,null,null,null,null,null,null,null,null,null,null,null,null,null,null,null,null,null,null,null,null,null,null,null,null,null,null,null,null,null,null,null,null,null,null,null,null,null,null,null,null,null,null,null,null,null,null,null,null,null,null,null,null,null,null,null,null,null,null,null,null,null,null,null,null,null,null,null,null,null,null,null,null,null,null,null,null,null,null,null,null,null,null,null,null,null,null,null,null,null,null,null,null,null,null,null,null,null,null,null,null,null,null,null,null,null,null,null,null,null,null,null,null,null,null,null,null,null,null,null,null,null,null,null,null,null,null,null,null,null,null,null,null,null,null,null,null,null,null,null,null,null,null,null,null,null,null,null,null,null,null,null,null,null,null,null,null,null,null,null,null,null,null,null,null,null,null,null,null,null,null,null,null,null,null,null,null,null,null,null,null,null,null,null,null,null,null,null,null,null,null,null,null,null,null,null,null,null,null,null,null,null,null,null,null,null,null,null,null,null,null,null,null,null,null,null,null,null,null,null,null,null,null,null,null,null,null,null,null,null,null,null,null,null,null,null,null,null,null,null,null,null,null,null,null,null,null,null,null,null,null,null,null,null,null,null,null,null,null,null,null,null,null,null,null,null,null,null,null,null,null,null,null,null,null,null,null,null,null,null,null,null,null,null,null,null,null,null,null,null,null,null,null,null,null,null,null,null,null,null,null,null,null,null,null,null,null,null,null,null,null,null,null,null,null,null,null,null,null,null,null,null,null,null,null,null,null,null,null,null,null,null,null,null,null,null,null,null,null,null,null,null,null,null,null,null,null,null,null,null,null,null,null,null,null,null,null,null,null,null,null,null,null,null,null,null,null,null,null,null,null,null,null,null,null,null,null,null,null,null,null,null,null,null,null,null,null,null,null,null,null,null,null,null,null,null,null,null,null,null,null,null,null,null,null,null,null,null,null,null,null,null,null,null,null,null,null,null,null,null,null,null,null,null,null,null,null,null,null,null,null,null,null,null,null,null,null,null,null,null,null,null,null,null,null,null,null,null,null,null,null,null,null,null,null,null,null,null,null,null,null,null,null,null,null,null,null,null,null,null,null,null,null,null,null,null,null,null,null,null,null,null,null,null,null,null,null,null,null,null,null,null,null,null,null,null,null,null,null,null,null,null,null,null,null,null,null,null,null,null,null,null,null,null,null,null,null,null,null,null,null,null,null,null,null,null,null,null,null,null,null,null,null,null,null,null,null,null,null,null,null,null,null,null,null,null,null,null,null,null,null,null,null,null,null,null,null,null,null,null,null,null,null,null,null,null,null,null,null,null,null,null,null,null,null,null,null,null,null,null,null,null,null,null,null,null,null,null,null,null,null,null,null,null,null,null,null,null,null,null,null,null,null,null,null,null,null,null,null,null,null,null,null,null,null,null,null,null,null,null,null,null,null,null,null,null,null,null,null,null,null,null,null,null,null,null,null,null,null,null,null,null,null,null,null,null,null,null,null,null,null,null,null,null,null,null,null,null,null,null,null,null,null,null,null,null,null,null,null,null,null,null,null,null,null,null,null,null,null,null,null,null,null,null,null,null,null,null,null,null,null,null,null,null,null,null,null,null,null,null,null,null,null,null,null,null,null,null,null,null,null,null,null,null,null,null,null,null,null,null,null,null,null,null,null,null,null,null,null,null,null,null,null,null,null,null,null,null,null,null,null,null,null,null,null,null,null,null,null,null,null,null,null,null,null,null,null,null,null,null,null,null,null,null,null,null,null,null,null,null,null,null,null,null,null,null,null,null,null,null,null,null,null,null,null,null,null,null,null,null,null,null,null,null,null,null,null,null,null,null,null,null,null,null,null,null,null,null,null,null,null,null,null,null,null,null,null,null,null,null,null,null,null,null,null,null,null,null,null,null,null,null,null,null,null,null,null,null,null,null,null,null,null,null,null,null,null,null,null,null,null,null,null,null,null,null,null,null,null,null,null,null,null,null,null,null,null,null,null,null,null,null,null,null,null,null,null,null,null,null,null,null,null,null,null,null,null,null,null,null,null,null,null,null,null,null,null,null,null,null,null,null,null,null,null,null,null,null,null,null,null,null,null,null,null,null,null,null,null,null,null,null,null,null,null,null,null,null,null,null,null,null,null,null,null,null,null,null,null,null,null,null,null,null,null,null,null,null,null,null,null,null,null,null,null,null,null,null,null,null,null,null,null,null,null,null,null,null,null,null,null,null,null,null,null,null,null,null,null,null,null,null,null,null,null,null,null,null,null,null,null,null,null,null,null,null,null,null,null,null,null,null,null,null,null,null,null,null,null,null,null,null,null,null,null,null,null,null,null,null,null,null,null,null,null,null,null,null,null,null,null,null,null,null,null,null,null,null,null,null,null,null,null,null,null,null,null,null,null,null,null,null,null,null,null,null,null,null,null,null,null,null,null,null,null,null,null,null,null,null,null,null,null,null,null,null,null,null,null,null,null,null,null,null,null,null,null,null,null,null,null,null,null,null,null,null,null,null,null,null,null,null,null,null,null,null,null,null,null,null,null,null,null,null,null,null,null,null,null,null,null,null,null,null,null,null,null,null,null,null,null,null,null,null,null,null,null,null,null,null,null,null,null,null,null,null,null,null,null,null,null,null,null,null,null,null,null,null,null,null,null,null,null,null,null,null,null,null,null,null,null,null,null,null,null,null,null,null,null,null,null,null,null,null,null,null,null,null,null,null,null,null,null,null,null,null,null,null,null,null,null,null,null,null,null,null,null,null,null,null,null,null,null,null,null,null,null,null,null,null,null,null,null,null,null,null,null,null,null,null,null,null,null,null,null,null,null,null,null,null,null,null,null,null,null,null,null,null,null,null,null,null,null,null,null,null,null,null,null,null,null,null,null,null,null,null,null,null,null,null,null,null,null,null,null,null,null,null,null,null,null,null,null,null,null,null,null,null,null,null,null,null,null,null,null,null,null,null,null,null,null,null,null,null,null,null,null,null,null,null,null,null,null,null,null,null,null,null,null,null,null,null,null,null,null,null,null,null,null,null,null,null,null,null,null,null,null,null,null,null,null,null,null,null,null,null,null,null,null,null,null,null,null,null,null,null,null,null,null,null,null,null,null,null,null,null,null,null,null,null,null,null,null,null,null,null,null,null,null,null,null,null,null,null,null,null,null,null,null,null,null,null,null,null,null,null,null,null,null,null,null,null,null,null,null,null,null,null,null,null,null,null,null,null,null,null,null,null,null,null,null,null,null,null,null,null,null,null,null,null,null,null,null,null,null,null,null,null,null,null,null,null,null,null,null,null,null,null,null,null,null,null,null,null,null,null,null,null,null,null,null,null,null,null,null,null,null,null,null,null,null,null,null,null,null,null,null,null,null,null,null,null,null,null,null,null,null,null,null,null,null,null,null,null,null,null,null,null,null,null,null,null,null,null,null,null,null,null,null,null,null,null,null,null,null,null,null,null,null,null,null,null,null,null,null,null,null,null,null,null,null,null,null,null,null,null,null,null,null,null,null,null,null,null,null,null,null,null,null,null,null,null,null,null,null,null,null,null,null,null,null,null,null,null,null,null,null,null,null,null,null,null,null,null,null,null,null,null,null,null,null,null,null,null,null,null,null,null,null,null,null,null,null,null,null,null,null,null,null,null,null,null,null,null,null,null,null,null,null,null,null,null,null,null,null,null,null,null,null,null,null,null,null,null,null,null,null,null,null,null,null,null,null,null,null,null,null,null,null,null,null,null,null,null,null,null,null,null,null,null,null,null,null,null,null,null,null,null,null,null,null,null,null,null,null,null,null,null,null,null,null,null,null,null,null,null,null,null,null,null,null,null,null,null,null,null,null,null,null,null,null,null,null,null,null,null,null,null,null,null,null,null,null,null,null,null,null,null,null,null,null,null,null,null,null,null,null,null,null,null,null,null,null,null,null,null,null,null,null,null,null,null,null,null,null,null,null,null,null,null,null,null,null,null,null,null,null,null,null,null,null,null,null,null,null,null,null,null,null,null,null,null,null,null,null,null,null,null,null,null,null,null,null,null,null,null,null,null,null,null,null,null,null,null,null,null,null,null,null,null,null,null,null,null,null,null,null,null,null,null,null,null,null,null,null,null,null,null,null,null,null,null,null,null,null,null,null,null,null,null,null,null,null,null,null,null,null,null,null,null,null,null,null,null,null,null,null,null,null,null,null,null,null,null,null,null,null,null,null,null,null,null,null,null,null,null,null,null,null,null,null,null,null,null,null,null,null,null,null,null,null,null,null,null,null,null,null,null,null,null,null,null,null,null,null,null,null,null,null,null,null,null,null,null,null,null,null,null,null,null,null,null,null,null,null,null,null,null,null,null,null,null,null,null,null,null,null,null,null,null,null,null,null,null,null,null,null,null,null,null,null,null,null,null,null,null,null,null,null,null,null,null,null,null,null,null,null,null,null,null,null,null,null,null,null,null,null,null,null,null,null,null,null,null,null,null,null,null,null,null,null,null,null,null,null,null,null,null,null,null,null,null,null,null,null,null,null,null,null,null,null,null,null,null,null,null,null,null,null,null,null,null,null,null,null,null,null,null,null,null,null,null,null,null,null,null,null,null,null,null,null,null,null,null,null,null,null,null,null,null,null,null,null,null,null,null,null,null,null,null,null,null,null,null,null,null,null,null,null,null,null,null,null,null,null,null,null,null,null,null,null,null,null,null,null,null,null,null,null,null,null,null,null,null,null,null,null,null,null,null,null,null,null,null,null,null,null,null,null,null,null,null,null,null,null,null,null,null,null,null,null,null,null,null,null,null,null,null,null,null,null,null,null,null,null,null,null,null,null,null,null,null,null,null,null,null,null,null,null,null,null,null,null,null,null,null,null,null,null,null,null,null,null,null,null,null,null,null,null,null,null,null,null,null,null,null,null,null,null,null,null,null,null,null,null,null,null,null,null,null,null,null,null,null,null,null,null,null,null,null,null,null,null,null,null,null,null,null,null,null,null,null,null,null,0.7309143264,0.7822198717,0.6070131264,0.7459180166,0.8854458015,0.8992722973,0.9054633052,0.9389863769,0.8226974597,0.8847056435,0.7837166458,0.7222725305,0.7741915162,0.7321208833,0.6763956793,0.6688984123,0.5889184013,0.6363906896,0.6599476335,0.7247224539,0.6846437198,0.7055400848,0.8012323023,0.7472805712,0.7395292507,0.5881302051,0.4935994955,0.4333964223,0.4655813815,0.4449407642,0.603121044,0.6531223549,0.7011701134,0.7583393258,0.8035040061,0.698201661,0.5973567278,0.7429937593,0.7121428771,0.7237498622,0.8465961882,0.8691478313,0.9214865956,0.8578754135,0.9133639023,0.9251649099,0.8709434014,0.9450638934,0.9440822656,0.868351736,0.8937025132,0.9200793112,0.8774228423,0.8538257489,0.8640666394,0.8485453472,0.8691740568,0.917072293,0.8585515296,0.8531646032,0.7099717511,0.7357722745,0.7886757526,0.8139226068,0.932506994,0.9230824953,0.9265934721,0.90406294,0.9127482687,0.945858252,0.8702937711,0.7891807043,0.6680787579,0.7254939536,0.8253905764,0.8523245562,0.9341263204,0.9216141981,0.9474861713,0.9199855243,0.9505099928,0.9327085675,0.939210429,0.857891186,0.8780144947,0.8885755617,0.9099690346,0.887726441,0.8335343854,0.7987036172,0.8649956639,0.8908298544,0.9228960455,0.9169214981,0.9196959958,0.8864999737,0.8149934613,0.7251782049,0.7032744787,0.7069587465,0.7407317356,0.819110752,0.8648841196,0.8628557969,0.938836933,0.8803576359,0.8894086591,0.8595682223,0.8306496259,0.7551990082,0.7725867576,0.7593414285,0.8262981897,0.8188540369,0.7142844402,0.7865992149,0.7680751065,0.7191789828,0.7271355684,0.7415971358,0.7741145619,0.8482861965,0.8904731551,0.9265966976,0.9266824559,0.9333367728,0.9356713732,0.9119977157,0.8272081358,0.7858444833,0.6748341624,0.5504963982,0.5727769223,0.6717558967,0.5901696741,0.6351955255,0.4881523954,0.5206590518,0.5081881753,0.6145165389,0.7060101287,0.7539754847,0.8016608684,0.7107902103,0.6973890404,0.7479855981,0.7908928739,0.8103241571,0.8236563473,0.8167486329,0.8687958995,0.8714968883,0.8655493425,0.845730049,0.8604422164,0.827750614,0.793986246,0.8174962094,0.8829063902,0.9213884874,0.879876219,0.9070753732,0.9178270743,0.9229762112,0.9354285593,0.9726015581,0.9179809904,0.8965861794,0.8705663767,0.8640968532,0.773761288,0.7367462867,0.8107072782,0.7976617948,0.8392574884,0.8858278183,0.8459689862,0.8679418008,0.829479857,0.8013000224,0.849116224,0.8077685487,0.8215863256,0.7997216775,0.8277162634,0.8889732128,0.8332894134,0.8492434233,0.8752055627,0.9285414896,0.9164411272,0.930018277,0.919023484,0.8767141888,0.8498756743,0.8356679939,0.9013329586,0.8009200859,0.8176299996,0.8551609133,0.8557216289,0.9634583538,0.9306690859,0.9253260593,0.9047230258,0.9219893397,0.8941518112,0.8732071157,0.8472698315,0.8484854668,0.8532706558,0.7525081925,0.793242735,0.6690636143,0.6844325852,0.7038228748,0.7567941898,0.7716050314,0.8403040859,0.7219486621,0.7938226309,0.778228196,0.7884282469,0.8567461347,0.8195495726,0.8121001923,0.8433176156,0.8444937491,0.7993428475,0.7861276632,0.8626471086,0.8849013058,0.9024440313,0.8595326042,0.8263432366,0.7220343317,0.7726043197,0.793257278,0.7956020317,0.6446637723,0.7822756,0.7790467336,0.6698541848,0.7362197793,0.7340700855,0.7263737366,0.7676991339,0.8274397517,0.9157428159,0.877081044,0.7885979203,0.7874722054,0.6734149833,0.7720697663,0.8095306769,0.837595188,0.7957653728,0.7483064367,0.7853958819,0.7986417274,0.7495566579,0.7511543568,0.7167220991,0.7531022538,0.8157988531,0.821391912,0.8166042801,0.7767139329,0.8393324557,0.8683996727,0.8716746341,0.8706350973,0.8622551437,0.8669408732,0.806506713,0.8365708297,0.7401532347,0.8380067727,0.8346250464,0.8146990559,0.6969347839,0.7253916785,0.7288084389,0.6813895892,0.5893381443,0.7137756831,0.7520577727,0.7634281857,0.7705868351,0.6643129147,0.5878313488,0.4406166993,null,null,null,null]},"global_scores":{"interaction_norm_score":-0.0147513322,"qmean6_z_score":-2.5395878512,"torsion_z_score":-2.1669105948,"torsion_norm_score":-0.0896173056,"ss_agreement_z_score":-2.3015891313,"acc_agreement_norm_score":0.7191780822,"cbeta_norm_score":-0.0081619787,"packing_z_score":-0.8173899789,"packing_norm_score":-0.324174171,"qmean4_z_score":-2.6039660684,"interaction_z_score":-1.9358563161,"ss_agreement_norm_score":0.381484696,"avg_local_score":0.8023045047,"cbeta_z_score":-1.2940383469,"qmean6_norm_score":0.663140053,"qmean4_norm_score":0.6726883714,"acc_agreement_z_score":0.3078904764,"avg_local_score_error":0.052}},"major_issues":null,"mod_engine":"PROMOD3","tpl_info":{"3r24.1.A":{"origin":"reference database","entity_id":"1","label_asym_id":"A","entity_type":"polymer"},"3r24.1.L_1":{"origin":"reference database","entity_id":"3","label_asym_id":"C","entity_type":"non-polymer"}}}