{"templates":["bcb657c22f709d8c72e237124f7424d1218a646f"],"oligo":{"based_on":"monomer","res_to_mdl":527,"state":"monomer","state_bu":"hetero-1-1-mer","qs_prediction":"0.000","qs_conserved":"not conserved","chains_to_mdl":1,"state_tpl":"monomer"},"pred_lddt":0.1369999945,"chain_subprj_list":null,"creation_date":"2020-01-31","ligands":[{"description":"ZINC ION","number":"1","reason":{"sterically_valid":true,"conserved_residues":true,"relevant":true,"bound":true},"included":true,"model_binding_residues":["A.1738","A.1739","A.1741","A.1757","A.1760","_.1"],"name":["ZN"]},{"description":"ZINC ION","number":"2","reason":{"sterically_valid":true,"conserved_residues":true,"relevant":true,"bound":true},"included":true,"model_binding_residues":["A.1788","A.1792","A.1795","A.1810","_.2"],"name":["ZN"]},{"description":"ZINC ION","number":"3","reason":{"sterically_valid":true,"conserved_residues":true,"relevant":true,"bound":true},"included":true,"model_binding_residues":["A.1983","A.2006","A.2008","A.2015","A.2018","_.3"],"name":["ZN"]},{"description":"ZINC ION","number":"5","reason":{"sterically_valid":false,"conserved_residues":false,"relevant":true,"bound":true},"included":false,"model_binding_residues":[],"name":["ZN"]},{"description":"ZINC ION","number":"6","reason":{"sterically_valid":false,"conserved_residues":false,"relevant":true,"bound":true},"included":false,"model_binding_residues":[],"name":["ZN"]},{"description":"DI(HYDROXYETHYL)ETHER","number":"4","reason":{"sterically_valid":false,"conserved_residues":false,"relevant":false,"bound":false},"included":false,"model_binding_residues":[],"name":["PEG"]}],"modified_template":false,"plip":null,"residue_range":[{"chain_name":"A","residue_from":"1532","residue_to":"2056"}],"mdlchain_butpl_map":{"A":"5nfy.3.C","L_2":"5nfy.3.L_2","L_1":"5nfy.3.L_1","L_3":"5nfy.3.L_3"},"qmean_values":{"local_scores":{"A":[null,null,null,null,null,null,null,null,null,null,null,null,null,null,null,null,null,null,null,null,null,null,null,null,null,null,null,null,null,null,null,null,null,null,null,null,null,null,null,null,null,null,null,null,null,null,null,null,null,null,null,null,null,null,null,null,null,null,null,null,null,null,null,null,null,null,null,null,null,null,null,null,null,null,null,null,null,null,null,null,null,null,null,null,null,null,null,null,null,null,null,null,null,null,null,null,null,null,null,null,null,null,null,null,null,null,null,null,null,null,null,null,null,null,null,null,null,null,null,null,null,null,null,null,null,null,null,null,null,null,null,null,null,null,null,null,null,null,null,null,null,null,null,null,null,null,null,null,null,null,null,null,null,null,null,null,null,null,null,null,null,null,null,null,null,null,null,null,null,null,null,null,null,null,null,null,null,null,null,null,null,null,null,null,null,null,null,null,null,null,null,null,null,null,null,null,null,null,null,null,null,null,null,null,null,null,null,null,null,null,null,null,null,null,null,null,null,null,null,null,null,null,null,null,null,null,null,null,null,null,null,null,null,null,null,null,null,null,null,null,null,null,null,null,null,null,null,null,null,null,null,null,null,null,null,null,null,null,null,null,null,null,null,null,null,null,null,null,null,null,null,null,null,null,null,null,null,null,null,null,null,null,null,null,null,null,null,null,null,null,null,null,null,null,null,null,null,null,null,null,null,null,null,null,null,null,null,null,null,null,null,null,null,null,null,null,null,null,null,null,null,null,null,null,null,null,null,null,null,null,null,null,null,null,null,null,null,null,null,null,null,null,null,null,null,null,null,null,null,null,null,null,null,null,null,null,null,null,null,null,null,null,null,null,null,null,null,null,null,null,null,null,null,null,null,null,null,null,null,null,null,null,null,null,null,null,null,null,null,null,null,null,null,null,null,null,null,null,null,null,null,null,null,null,null,null,null,null,null,null,null,null,null,null,null,null,null,null,null,null,null,null,null,null,null,null,null,null,null,null,null,null,null,null,null,null,null,null,null,null,null,null,null,null,null,null,null,null,null,null,null,null,null,null,null,null,null,null,null,null,null,null,null,null,null,null,null,null,null,null,null,null,null,null,null,null,null,null,null,null,null,null,null,null,null,null,null,null,null,null,null,null,null,null,null,null,null,null,null,null,null,null,null,null,null,null,null,null,null,null,null,null,null,null,null,null,null,null,null,null,null,null,null,null,null,null,null,null,null,null,null,null,null,null,null,null,null,null,null,null,null,null,null,null,null,null,null,null,null,null,null,null,null,null,null,null,null,null,null,null,null,null,null,null,null,null,null,null,null,null,null,null,null,null,null,null,null,null,null,null,null,null,null,null,null,null,null,null,null,null,null,null,null,null,null,null,null,null,null,null,null,null,null,null,null,null,null,null,null,null,null,null,null,null,null,null,null,null,null,null,null,null,null,null,null,null,null,null,null,null,null,null,null,null,null,null,null,null,null,null,null,null,null,null,null,null,null,null,null,null,null,null,null,null,null,null,null,null,null,null,null,null,null,null,null,null,null,null,null,null,null,null,null,null,null,null,null,null,null,null,null,null,null,null,null,null,null,null,null,null,null,null,null,null,null,null,null,null,null,null,null,null,null,null,null,null,null,null,null,null,null,null,null,null,null,null,null,null,null,null,null,null,null,null,null,null,null,null,null,null,null,null,null,null,null,null,null,null,null,null,null,null,null,null,null,null,null,null,null,null,null,null,null,null,null,null,null,null,null,null,null,null,null,null,null,null,null,null,null,null,null,null,null,null,null,null,null,null,null,null,null,null,null,null,null,null,null,null,null,null,null,null,null,null,null,null,null,null,null,null,null,null,null,null,null,null,null,null,null,null,null,null,null,null,null,null,null,null,null,null,null,null,null,null,null,null,null,null,null,null,null,null,null,null,null,null,null,null,null,null,null,null,null,null,null,null,null,null,null,null,null,null,null,null,null,null,null,null,null,null,null,null,null,null,null,null,null,null,null,null,null,null,null,null,null,null,null,null,null,null,null,null,null,null,null,null,null,null,null,null,null,null,null,null,null,null,null,null,null,null,null,null,null,null,null,null,null,null,null,null,null,null,null,null,null,null,null,null,null,null,null,null,null,null,null,null,null,null,null,null,null,null,null,null,null,null,null,null,null,null,null,null,null,null,null,null,null,null,null,null,null,null,null,null,null,null,null,null,null,null,null,null,null,null,null,null,null,null,null,null,null,null,null,null,null,null,null,null,null,null,null,null,null,null,null,null,null,null,null,null,null,null,null,null,null,null,null,null,null,null,null,null,null,null,null,null,null,null,null,null,null,null,null,null,null,null,null,null,null,null,null,null,null,null,null,null,null,null,null,null,null,null,null,null,null,null,null,null,null,null,null,null,null,null,null,null,null,null,null,null,null,null,null,null,null,null,null,null,null,null,null,null,null,null,null,null,null,null,null,null,null,null,null,null,null,null,null,null,null,null,null,null,null,null,null,null,null,null,null,null,null,null,null,null,null,null,null,null,null,null,null,null,null,null,null,null,null,null,null,null,null,null,null,null,null,null,null,null,null,null,null,null,null,null,null,null,null,null,null,null,null,null,null,null,null,null,null,null,null,null,null,null,null,null,null,null,null,null,null,null,null,null,null,null,null,null,null,null,null,null,null,null,null,null,null,null,null,null,null,null,null,null,null,null,null,null,null,null,null,null,null,null,null,null,null,null,null,null,null,null,null,null,null,null,null,null,null,null,null,null,null,null,null,null,null,null,null,null,null,null,null,null,null,null,null,null,null,null,null,null,null,null,null,null,null,null,null,null,null,null,null,null,null,null,null,null,null,null,null,null,null,null,null,null,null,null,null,null,null,null,null,null,null,null,null,null,null,null,null,null,null,null,null,null,null,null,null,null,null,null,null,null,null,null,null,null,null,null,null,null,null,null,null,null,null,null,null,null,null,null,null,null,null,null,null,null,null,null,null,null,null,null,null,null,null,null,null,null,null,null,null,null,null,null,null,null,null,null,null,null,null,null,null,null,null,null,null,null,null,null,null,null,null,null,null,null,null,null,null,null,null,null,null,null,null,null,null,null,null,null,null,null,null,null,null,null,null,null,null,null,null,null,null,null,null,null,null,null,null,null,null,null,null,null,null,null,null,null,null,null,null,null,null,null,null,null,null,null,null,null,null,null,null,null,null,null,null,null,null,null,null,null,null,null,null,null,null,null,null,null,null,null,null,null,null,null,null,null,null,null,null,null,null,null,null,null,null,null,null,null,null,null,null,null,null,null,null,null,null,null,null,null,null,null,null,null,null,null,null,null,null,null,null,null,null,null,null,null,null,null,null,null,null,null,null,null,null,null,null,null,null,null,null,null,null,null,null,null,null,null,null,null,null,null,null,null,null,null,null,null,null,null,null,null,null,null,null,null,null,null,null,null,null,null,null,null,null,null,null,null,null,null,null,null,null,null,null,null,null,null,null,null,null,null,null,null,null,null,null,null,null,0.2048400192,0.3462418955,0.4589928704,0.507088958,0.5352708744,0.5963073199,0.5928103016,0.5918884652,0.6275772052,0.662717341,0.7320087153,0.7195729842,0.5813427743,0.5879891686,0.4348795121,0.5657989304,0.6497609406,0.6707776832,0.6697848293,0.6454211526,0.6778840477,0.7057968123,0.7252923047,0.6640938463,0.5983457843,0.5221468422,0.4922417914,0.6526951825,0.6459728614,0.581639544,0.5955641226,0.5809374098,0.5252523437,0.5400740451,0.3688373514,0.5107178607,0.5168491276,0.4033091099,0.4541990452,0.5763611969,0.5491743357,0.5073153972,0.5143563709,0.3494149516,0.4404999164,0.5837929912,0.6065206064,0.5716980295,0.4704436915,0.5815053289,0.5897523994,0.6703357311,0.7056092161,0.7304459239,0.7138434159,0.7378723379,0.6842290611,0.6505610194,0.6489487435,0.596823204,0.5965055717,0.5860293574,0.5431403174,0.3871421825,0.4355432397,0.4962597082,0.5270616104,0.6547542576,0.5889874107,0.7188967013,0.723470395,0.7364338665,0.7537098593,0.7725503656,0.8032108936,0.791215749,0.823007715,0.80302217,0.840307244,0.7966498574,0.7839940818,0.8145733789,0.8600041089,0.7891327359,0.9096578354,0.8652860095,0.8753810051,0.899519161,0.8471195257,0.8281598619,0.8488992665,0.795457033,0.8542071979,0.8598642459,0.7862176255,0.8282028378,0.7437558681,0.6773257075,0.7111014563,0.7721919257,0.7414678387,0.7770709558,0.7745861686,0.8210363792,0.8351230969,0.9082984891,0.8586467944,0.8172220353,0.8645789391,0.870891127,0.8486227995,0.8682563386,0.8291234013,0.8149825456,0.8249072496,0.8476906999,0.8489954753,0.8523852897,0.8539396909,0.8039571571,0.8576672914,0.8080913609,0.8157729207,0.7158144245,0.7636306609,0.7378360219,0.751723001,0.6916944749,0.6848835432,0.7110276517,0.751547698,0.7259610332,0.768796496,0.8017098773,0.7439821172,0.7873998617,0.790109423,0.8212875608,0.7687116468,0.8384107616,0.8100531609,0.6993785576,0.6767917077,0.6629428019,0.6368257302,0.6422253587,0.6936609904,0.7157429252,0.7653632469,0.7326551098,0.7861112253,0.7697997942,0.7281501621,0.6312846108,0.7107467047,0.7831092751,0.8283660581,0.8756605564,0.7845135026,0.7588669338,0.8078927202,0.8414640368,0.7636924013,0.7767844806,0.8048942204,0.8268207033,0.8450079077,0.7999196255,0.8019797951,0.8617349003,0.832443348,0.7858755642,0.8077994223,0.80791044,0.7785671138,0.7682310218,0.7703583315,0.804894773,0.7669899781,0.7653159943,0.8690987115,0.8841120493,0.8725197846,0.8895232223,0.8234236648,0.739816681,0.7558247621,0.7547403008,0.7341084139,0.7426061082,0.7634224608,0.7766192395,0.7784097477,0.8388393428,0.7790380388,0.7592789236,0.7858195319,0.7883751859,0.8037428631,0.7745958949,0.784400929,0.8025647639,0.7657728093,0.747422518,0.7149274459,0.720232516,0.7089354112,0.5962398975,0.4691133054,0.5830813284,0.5847688823,0.6772525307,0.7214090227,0.8047784051,0.8057371816,0.8337943344,0.7573024965,0.7512006778,0.7034243141,0.6544783716,0.6397047998,0.6507337955,0.7359665164,0.7152708001,0.8010686696,0.7881324523,0.7351873029,0.7552696285,0.7374214189,0.7644807238,0.72498891,0.7239339951,0.7045887558,0.7426052787,0.7647871374,0.8261088269,0.7853010681,0.814499642,0.8764737921,0.817964712,0.7928349804,0.7974584784,0.7783782065,0.8109805799,0.7234123259,0.6955397116,0.5875676293,0.6201013262,0.5271084779,0.5015776099,0.5759734794,0.6735703383,0.7549749385,0.7234095104,0.6852185224,0.6862216598,0.7446893775,0.596539338,0.5499794907,0.6032333596,0.6346052015,0.5291443855,0.5884915689,0.6712763995,0.6376682064,0.654991653,0.6371988842,0.6622320146,0.7378533835,0.8328325451,0.8121797279,0.768070789,0.7589276798,0.8697536345,0.7995960752,0.7581892835,0.8400121387,0.7870136623,0.8625721941,0.8301989508,0.8885180587,0.8606105744,0.7928269968,0.7900496795,0.8288422734,0.7405646425,0.7562901975,0.7028433555,0.6349354066,0.6796591003,0.6057402501,0.4671007267,0.5020760065,0.6179791158,0.6446822572,0.6592983569,0.6703535825,0.5801394419,0.6120941666,0.648652671,0.6020228643,0.6930108544,0.660323514,0.7515914909,0.784050564,0.7985798747,0.8342792217,0.83529103,0.8292617122,0.7844715652,0.7813004528,0.8116345035,0.7896838086,0.8000408969,0.7804872781,0.8417860541,0.8468469429,0.79519674,0.8410561004,0.8460126579,0.7832472578,0.7617775772,0.7867122076,0.7344025111,0.7185642362,0.7230734135,0.7324702562,0.7896767267,0.800465265,0.7983322521,0.8039812901,0.7719294439,0.7488269066,0.7436941814,0.6913903384,0.6467714929,0.7052552175,0.6675974799,0.7291799246,0.8021290138,0.7898479343,0.7380014582,0.7348765387,0.7999469817,0.7043941764,0.7676058818,0.7473416747,0.7110527404,0.7710155919,0.7322651695,0.6986770056,0.6432737778,0.637674245,0.6444089251,0.6481434939,0.6354380817,0.6410935461,0.5740173943,0.5724328206,0.6831310997,0.4714536674,0.6318571295,0.6872991617,0.6789092367,0.6024989754,0.553100607,0.4727878268,0.6055899457,0.6938469098,0.6357506937,0.6768856024,0.6264953338,0.715612222,0.7540216168,0.6684128462,0.73200146,0.7446924768,0.767878744,0.7450681455,0.7965664234,0.8228976116,0.8907461453,0.8459569808,0.8076585733,0.77434042,0.7798574866,0.7902305134,0.7655774792,0.7375360146,0.6992805259,0.7045569012,0.7435397062,0.801426737,0.7827260669,0.783668055,0.8216896899,0.8304396042,0.8296957723,0.8492219659,0.7728050981,0.781650745,0.7598079744,0.7728729132,0.6726800413,0.7316991812,0.6462663462,0.7318856627,0.7423245085,0.7444212027,0.7905821008,0.8145015462,0.8518962062,0.8169571419,0.7832705762,0.6727107707,0.7208330307,0.7836319534,0.8080813426,0.8287191663,0.7791260436,0.7770802794,0.7442075946,0.6886471588,0.720697876,0.781496692,0.731816013,0.7699203749,0.7941483853,0.786652826,0.7629043644,0.7092370015,0.6894597213,0.68033024,0.6677791993,0.753689828,0.6601896509,0.6421309325,0.678007302,0.7064076971,0.7004416349,0.7393527754,0.7667233331,0.7538072207,0.7172436014,0.7441016796,0.7637821453,0.7580324725,0.7718217272,0.6847844528,0.7281128312,0.6704490651,0.68199354,0.6572673082,0.4714151792,0.4070926646,0.4327936664,0.3981648701,0.3785448293,0.3439301111,0.292301815,0.2857030459,0.2799271713,0.2934801337,0.2882308942,0.3500358335,0.3255175645,0.4315435576,0.4789171397,0.5246277198,0.646485965,0.6505066042,0.7023189501,0.7164273278,0.7096723745,0.7054288666,0.5835355181,0.5649873832,0.5631145426,0.4039246958,0.5004558803,0.4915762694,0.5919791242,0.5998821251,0.6345982271,0.6109603025,0.7045503461,0.7336507659,0.754086277,0.7629745944,0.767897777,0.7588854968,0.7679678272,0.8086335453,0.7835110027,0.7978019475,0.8034848417,0.8449740417,0.7826611883,0.8020869202,0.7817158386,0.7777807154,0.7815248049,0.7883753134,0.7970340468,0.7898029821,0.7778758564,0.7954999476,0.7914415123,0.7555245603,0.7987192382,0.7395139143,0.702142955,0.7152263031,0.7196828957,0.6957449747,0.7044524899,0.5578676322,0.6725755013,0.6707358408,0.4690203502,0.5381932721,0.5459636204,0.3837918618,0.5056978265,0.2700316471,null,null,null,null,null,null,null,null,null,null,null,null,null,null,null,null,null,null,null,null,null,null,null,null,null,null,null,null,null,null,null,null,null,null,null,null,null,null,null,null,null,null,null,null,null,null,null,null,null,null,null,null,null,null,null,null,null,null,null,null,null,null,null,null,null,null,null,null,null,null,null,null,null,null,null,null,null,null,null,null,null,null,null,null,null,null,null,null,null,null,null,null,null,null,null,null,null,null,null,null,null,null,null,null,null,null,null,null,null,null,null,null,null,null,null,null,null,null,null,null,null,null,null,null,null,null,null,null,null,null,null,null,null,null,null,null,null,null,null,null,null,null,null,null,null,null,null,null,null,null,null,null,null,null,null,null,null,null,null,null,null,null,null,null,null,null,null,null,null,null,null,null,null,null,null,null,null,null,null,null,null,null,null,null,null,null,null,null,null,null,null,null,null,null,null,null,null,null,null,null,null,null,null,null,null,null,null,null,null,null,null,null,null,null,null,null,null,null,null,null,null,null,null,null,null,null,null,null,null,null,null,null,null,null,null,null,null,null,null,null,null,null,null,null,null,null,null,null,null,null,null,null,null,null,null,null,null,null,null,null,null,null,null,null,null,null,null,null,null,null,null,null,null,null,null,null,null,null,null,null,null,null,null,null,null,null,null,null,null,null,null,null,null,null,null,null,null,null,null,null,null,null,null,null,null,null,null,null,null,null,null,null,null,null,null,null,null,null,null,null,null,null,null,null,null,null,null,null,null,null,null,null,null,null,null,null,null,null,null,null,null,null,null,null,null,null,null,null,null,null,null,null,null,null,null,null,null,null,null,null,null,null,null,null,null,null,null,null,null,null,null,null,null,null,null,null,null,null,null,null,null,null,null,null,null,null,null,null,null,null,null,null,null,null,null,null,null,null,null,null,null,null,null,null,null,null,null,null,null,null,null,null,null,null,null,null,null,null,null,null,null,null,null,null,null,null,null,null,null,null,null,null,null,null,null,null,null,null,null,null,null,null,null,null,null,null,null,null,null,null,null,null,null,null,null,null,null,null,null,null,null,null,null,null,null,null,null,null,null,null,null,null,null,null,null,null,null,null,null,null,null,null,null,null,null,null,null,null,null,null,null,null,null,null,null,null,null,null,null,null,null,null,null,null,null,null,null,null,null,null,null,null,null,null,null,null,null,null,null,null,null,null,null,null,null,null,null,null,null,null,null,null,null,null,null,null,null,null,null,null,null,null,null,null,null,null,null,null,null,null,null,null,null,null,null,null,null,null,null,null,null,null,null,null,null,null,null,null,null,null,null,null,null,null,null,null,null,null,null,null,null,null,null,null,null,null,null,null,null,null,null,null,null,null,null,null,null,null,null,null,null,null,null,null,null,null,null,null,null,null,null,null,null,null,null,null,null,null,null,null,null,null,null,null,null,null,null,null,null,null,null,null,null,null,null,null,null,null,null,null,null,null,null,null,null,null]},"global_scores":{"interaction_norm_score":-0.0141170991,"qmean6_z_score":-2.9762291525,"torsion_z_score":-1.9633060751,"torsion_norm_score":-0.1286733759,"ss_agreement_z_score":-2.3928120501,"acc_agreement_norm_score":0.6285714286,"cbeta_norm_score":-0.0088246625,"packing_z_score":-1.3780696682,"packing_norm_score":-0.2947363461,"qmean4_z_score":-2.7448498899,"interaction_z_score":-2.0622426156,"ss_agreement_norm_score":0.3809584092,"avg_local_score":0.7063591565,"cbeta_z_score":-1.1766303302,"qmean6_norm_score":0.655402533,"qmean4_norm_score":0.6801633258,"acc_agreement_z_score":-0.8047800427,"avg_local_score_error":0.053}},"major_issues":null,"mod_engine":"PROMOD3","tpl_info":{"5nfy.3.L_2":{"origin":"reference database","entity_id":"3","label_asym_id":"R","entity_type":"non-polymer"},"5nfy.3.L_3":{"origin":"reference database","entity_id":"3","label_asym_id":"S","entity_type":"non-polymer"},"5nfy.3.C":{"origin":"reference database","entity_id":"1","label_asym_id":"C","entity_type":"polymer"},"5nfy.3.L_1":{"origin":"reference database","entity_id":"3","label_asym_id":"Q","entity_type":"non-polymer"}}}