{"templates":["24c4e284efd016c9b482ee48b8d3a3765a7ead7d"],"oligo":{"based_on":"prediction","res_to_mdl":346,"state":"monomer","state_bu":"homo-hexamer","qs_prediction":"0.237","qs_conserved":"not conserved","chains_to_mdl":1,"state_tpl":"homo-hexamer"},"pred_lddt":0.0799999982,"chain_subprj_list":null,"creation_date":"2020-01-31","ligands":[],"modified_template":false,"plip":{},"residue_range":[{"chain_name":"A","residue_from":"2059","residue_to":"2402"}],"mdlchain_butpl_map":{"A":"2rhb.1.A"},"qmean_values":{"local_scores":{"A":[null,null,null,null,null,null,null,null,null,null,null,null,null,null,null,null,null,null,null,null,null,null,null,null,null,null,null,null,null,null,null,null,null,null,null,null,null,null,null,null,null,null,null,null,null,null,null,null,null,null,null,null,null,null,null,null,null,null,null,null,null,null,null,null,null,null,null,null,null,null,null,null,null,null,null,null,null,null,null,null,null,null,null,null,null,null,null,null,null,null,null,null,null,null,null,null,null,null,null,null,null,null,null,null,null,null,null,null,null,null,null,null,null,null,null,null,null,null,null,null,null,null,null,null,null,null,null,null,null,null,null,null,null,null,null,null,null,null,null,null,null,null,null,null,null,null,null,null,null,null,null,null,null,null,null,null,null,null,null,null,null,null,null,null,null,null,null,null,null,null,null,null,null,null,null,null,null,null,null,null,null,null,null,null,null,null,null,null,null,null,null,null,null,null,null,null,null,null,null,null,null,null,null,null,null,null,null,null,null,null,null,null,null,null,null,null,null,null,null,null,null,null,null,null,null,null,null,null,null,null,null,null,null,null,null,null,null,null,null,null,null,null,null,null,null,null,null,null,null,null,null,null,null,null,null,null,null,null,null,null,null,null,null,null,null,null,null,null,null,null,null,null,null,null,null,null,null,null,null,null,null,null,null,null,null,null,null,null,null,null,null,null,null,null,null,null,null,null,null,null,null,null,null,null,null,null,null,null,null,null,null,null,null,null,null,null,null,null,null,null,null,null,null,null,null,null,null,null,null,null,null,null,null,null,null,null,null,null,null,null,null,null,null,null,null,null,null,null,null,null,null,null,null,null,null,null,null,null,null,null,null,null,null,null,null,null,null,null,null,null,null,null,null,null,null,null,null,null,null,null,null,null,null,null,null,null,null,null,null,null,null,null,null,null,null,null,null,null,null,null,null,null,null,null,null,null,null,null,null,null,null,null,null,null,null,null,null,null,null,null,null,null,null,null,null,null,null,null,null,null,null,null,null,null,null,null,null,null,null,null,null,null,null,null,null,null,null,null,null,null,null,null,null,null,null,null,null,null,null,null,null,null,null,null,null,null,null,null,null,null,null,null,null,null,null,null,null,null,null,null,null,null,null,null,null,null,null,null,null,null,null,null,null,null,null,null,null,null,null,null,null,null,null,null,null,null,null,null,null,null,null,null,null,null,null,null,null,null,null,null,null,null,null,null,null,null,null,null,null,null,null,null,null,null,null,null,null,null,null,null,null,null,null,null,null,null,null,null,null,null,null,null,null,null,null,null,null,null,null,null,null,null,null,null,null,null,null,null,null,null,null,null,null,null,null,null,null,null,null,null,null,null,null,null,null,null,null,null,null,null,null,null,null,null,null,null,null,null,null,null,null,null,null,null,null,null,null,null,null,null,null,null,null,null,null,null,null,null,null,null,null,null,null,null,null,null,null,null,null,null,null,null,null,null,null,null,null,null,null,null,null,null,null,null,null,null,null,null,null,null,null,null,null,null,null,null,null,null,null,null,null,null,null,null,null,null,null,null,null,null,null,null,null,null,null,null,null,null,null,null,null,null,null,null,null,null,null,null,null,null,null,null,null,null,null,null,null,null,null,null,null,null,null,null,null,null,null,null,null,null,null,null,null,null,null,null,null,null,null,null,null,null,null,null,null,null,null,null,null,null,null,null,null,null,null,null,null,null,null,null,null,null,null,null,null,null,null,null,null,null,null,null,null,null,null,null,null,null,null,null,null,null,null,null,null,null,null,null,null,null,null,null,null,null,null,null,null,null,null,null,null,null,null,null,null,null,null,null,null,null,null,null,null,null,null,null,null,null,null,null,null,null,null,null,null,null,null,null,null,null,null,null,null,null,null,null,null,null,null,null,null,null,null,null,null,null,null,null,null,null,null,null,null,null,null,null,null,null,null,null,null,null,null,null,null,null,null,null,null,null,null,null,null,null,null,null,null,null,null,null,null,null,null,null,null,null,null,null,null,null,null,null,null,null,null,null,null,null,null,null,null,null,null,null,null,null,null,null,null,null,null,null,null,null,null,null,null,null,null,null,null,null,null,null,null,null,null,null,null,null,null,null,null,null,null,null,null,null,null,null,null,null,null,null,null,null,null,null,null,null,null,null,null,null,null,null,null,null,null,null,null,null,null,null,null,null,null,null,null,null,null,null,null,null,null,null,null,null,null,null,null,null,null,null,null,null,null,null,null,null,null,null,null,null,null,null,null,null,null,null,null,null,null,null,null,null,null,null,null,null,null,null,null,null,null,null,null,null,null,null,null,null,null,null,null,null,null,null,null,null,null,null,null,null,null,null,null,null,null,null,null,null,null,null,null,null,null,null,null,null,null,null,null,null,null,null,null,null,null,null,null,null,null,null,null,null,null,null,null,null,null,null,null,null,null,null,null,null,null,null,null,null,null,null,null,null,null,null,null,null,null,null,null,null,null,null,null,null,null,null,null,null,null,null,null,null,null,null,null,null,null,null,null,null,null,null,null,null,null,null,null,null,null,null,null,null,null,null,null,null,null,null,null,null,null,null,null,null,null,null,null,null,null,null,null,null,null,null,null,null,null,null,null,null,null,null,null,null,null,null,null,null,null,null,null,null,null,null,null,null,null,null,null,null,null,null,null,null,null,null,null,null,null,null,null,null,null,null,null,null,null,null,null,null,null,null,null,null,null,null,null,null,null,null,null,null,null,null,null,null,null,null,null,null,null,null,null,null,null,null,null,null,null,null,null,null,null,null,null,null,null,null,null,null,null,null,null,null,null,null,null,null,null,null,null,null,null,null,null,null,null,null,null,null,null,null,null,null,null,null,null,null,null,null,null,null,null,null,null,null,null,null,null,null,null,null,null,null,null,null,null,null,null,null,null,null,null,null,null,null,null,null,null,null,null,null,null,null,null,null,null,null,null,null,null,null,null,null,null,null,null,null,null,null,null,null,null,null,null,null,null,null,null,null,null,null,null,null,null,null,null,null,null,null,null,null,null,null,null,null,null,null,null,null,null,null,null,null,null,null,null,null,null,null,null,null,null,null,null,null,null,null,null,null,null,null,null,null,null,null,null,null,null,null,null,null,null,null,null,null,null,null,null,null,null,null,null,null,null,null,null,null,null,null,null,null,null,null,null,null,null,null,null,null,null,null,null,null,null,null,null,null,null,null,null,null,null,null,null,null,null,null,null,null,null,null,null,null,null,null,null,null,null,null,null,null,null,null,null,null,null,null,null,null,null,null,null,null,null,null,null,null,null,null,null,null,null,null,null,null,null,null,null,null,null,null,null,null,null,null,null,null,null,null,null,null,null,null,null,null,null,null,null,null,null,null,null,null,null,null,null,null,null,null,null,null,null,null,null,null,null,null,null,null,null,null,null,null,null,null,null,null,null,null,null,null,null,null,null,null,null,null,null,null,null,null,null,null,null,null,null,null,null,null,null,null,null,null,null,null,null,null,null,null,null,null,null,null,null,null,null,null,null,null,null,null,null,null,null,null,null,null,null,null,null,null,null,null,null,null,null,null,null,null,null,null,null,null,null,null,null,null,null,null,null,null,null,null,null,null,null,null,null,null,null,null,null,null,null,null,null,null,null,null,null,null,null,null,null,null,null,null,null,null,null,null,null,null,null,null,null,null,null,null,null,null,null,null,null,null,null,null,null,null,null,null,null,null,null,null,null,null,null,null,null,null,null,null,null,null,null,null,null,null,null,null,null,null,null,null,null,null,null,null,null,null,null,null,null,null,null,null,null,null,null,null,null,null,null,null,null,null,null,null,null,null,null,null,null,null,null,null,null,null,null,null,null,null,null,null,null,null,null,null,null,null,null,null,null,null,null,null,null,null,null,null,null,null,null,null,null,null,null,null,null,null,null,null,null,null,null,null,null,null,null,null,null,null,null,null,null,null,null,null,null,null,null,null,null,null,null,null,null,null,null,null,null,null,null,null,null,null,null,null,null,null,null,null,null,null,null,null,null,null,null,null,null,null,null,null,null,null,null,null,null,null,null,null,null,null,null,null,null,null,null,null,null,null,null,null,null,null,null,null,null,null,null,null,null,null,null,null,null,null,null,null,null,null,null,null,null,null,null,null,null,null,null,null,null,null,null,null,null,null,null,null,null,null,null,null,null,null,null,null,null,null,null,null,null,null,null,null,null,null,null,null,null,null,null,null,null,null,null,null,null,null,null,null,null,null,null,null,null,null,null,null,null,null,null,null,null,null,null,null,null,null,null,null,null,null,null,null,null,null,null,null,null,null,null,null,null,null,null,null,null,null,null,null,null,null,null,null,null,null,null,null,null,null,null,null,null,null,null,null,null,null,null,null,null,null,null,null,null,null,null,null,null,null,null,null,null,null,null,null,null,null,null,null,null,null,null,null,null,null,null,null,null,null,null,null,null,null,null,null,null,null,null,null,null,null,null,null,null,null,null,null,null,null,null,null,null,null,null,null,null,null,null,null,null,null,null,null,null,null,null,null,null,null,null,null,null,null,null,null,null,null,null,null,null,null,null,null,null,null,null,null,null,null,null,null,null,null,null,null,null,null,null,null,null,null,null,null,null,null,null,null,null,null,null,null,null,null,null,null,null,null,null,null,null,null,null,null,null,null,null,null,null,null,null,null,null,null,null,null,null,null,null,null,null,null,null,null,null,null,null,null,null,null,0.8211225284,0.8537216072,0.7307741623,0.8511013046,0.8910881502,0.9238434924,0.7936746625,0.8744515946,0.8892928608,0.8652378529,0.8479584096,0.8135712919,0.8743591225,0.833653822,0.8075618072,0.8511825574,0.8941296228,0.8022557153,0.7661007729,0.8062788388,0.7574209225,0.8069076986,0.8077801984,0.831026213,0.7993528857,0.8087442566,0.6253529414,0.6975890292,0.7330483739,0.780531415,0.8185773961,0.7065536677,0.7931989343,0.7188576469,0.739586929,0.6376613138,0.6336900088,0.7134003108,0.7731903038,0.8157250325,0.7774447269,0.8088669864,0.7705340457,0.741510451,0.786222992,0.7367447611,0.758069994,0.7535583498,0.7968453463,0.8582638236,0.8231101355,0.8340225571,0.839018545,0.9078591683,0.8369891395,0.8156290931,0.8679290096,0.772208719,0.911391691,0.8155732953,0.7681990836,0.850669812,0.8047542953,0.7588400514,0.8492803991,0.8949541265,0.9366316224,0.8263356765,0.8755093786,0.8449376436,0.8890784978,0.9106030774,0.8921733662,0.9109152164,0.9230542139,0.9184981212,0.9112570839,0.8325406647,0.8174670598,0.907898304,0.90562997,0.8348709875,0.8493200499,0.8865328766,0.8680067576,0.7453245077,0.7887381573,0.6738797531,0.6899002114,0.6338892377,0.7015106214,0.8516271371,0.8656952618,0.8644148186,0.7147654271,0.6621674053,0.7521529365,0.8288929492,0.8115796358,0.8168758982,0.825799005,0.7981767331,0.738811932,0.6841178035,0.7282308499,0.6979862416,0.7771084625,0.8162364178,0.742165617,0.7386281118,0.8448233739,0.757217415,0.7270097671,0.7156412644,0.705342208,0.7981590471,0.7809996652,0.7883530169,0.7764600404,0.8586521786,0.8837128221,0.883471152,0.8790207161,0.8780678764,0.8959733736,0.7233228143,0.8474614193,0.7891534408,0.8742930425,0.8115600013,0.8643430277,0.8515843139,0.8542386544,0.8448200725,0.7447966847,0.8303963033,0.8697484501,0.6912555834,0.8115950178,0.8894258308,0.9070696474,0.902641004,0.8963811102,0.8978316954,0.8402064131,0.8800539258,0.8455617141,0.8354125535,0.7226381238,0.570456853,0.7033000218,0.6329472839,0.8496342506,0.8314860522,0.8576172547,0.8960741534,0.8975560606,0.7737294001,0.7695055299,0.9228663455,0.8740694742,0.8278449186,0.8553161421,0.8654144478,0.8034456249,0.785253484,0.7005321764,0.6342933382,0.6705749771,0.4788302283,0.5097477192,0.6793021052,0.7379185117,0.8153663482,0.7694348492,0.8456576266,0.8665718764,0.8450768659,0.7955944473,0.8021611933,0.7405107315,0.8179789163,0.7611084334,0.8127574903,0.7383687868,0.7597694,0.6704977941,0.677749424,0.8122911031,0.8862869701,0.8198631248,0.8839668236,0.8630531869,0.8683339188,0.8941478388,0.8273381172,0.8800841061,0.7748299751,0.7846163147,0.7992654331,0.707107934,0.7296612534,0.7961396415,0.7616392738,0.8621978933,0.6957913878,0.8783178866,0.8358045863,0.8280796948,0.8398009192,0.8571070351,0.8804449704,0.8403211719,0.8419007432,0.7936661588,0.8276400637,0.8341308392,0.7278124219,0.7975811084,0.8203873847,0.834056544,0.8131766278,0.7793958452,0.782390502,0.8349868381,0.7947945852,0.8216857771,0.7959612332,0.8385963026,0.7682861319,0.7760325122,0.7468751679,0.7570273566,0.7692401878,0.7901685209,0.835674633,0.7754786627,0.7856129393,0.7358312509,0.7291655135,0.7433148024,0.7463538284,0.7577350656,0.7180450479,0.7784886441,0.7586467483,0.7156603682,0.7373463356,0.8171639353,0.8698306572,0.8737984473,0.8557348464,0.871012533,0.836709708,0.8790721668,0.8039461841,0.7216261957,0.7784211775,0.729603953,0.7504886533,0.7920090914,0.8349978346,0.7704436259,0.7772961634,0.767155796,0.7443070103,0.6920979699,0.6080932938,0.6677200235,0.713874595,0.7504114723,0.8309041241,0.8903875002,0.9063528593,0.874290097,0.8017231494,0.7694448201,0.7048016335,0.6601445388,0.7620279568,0.7975559027,0.7758816025,0.8234503353,0.7349713583,0.817482396,0.8233639847,0.8068893216,0.7428660492,0.6005090605,0.4795274328,0.5579124008,0.7303145778,0.7917293776,0.8473273927,0.8700879805,0.8934330607,0.8869855844,0.8908928668,0.8995638832,0.9148190657,0.8987224425,0.8634990756,0.880888156,0.8652561506,0.8544276879,0.8219053756,0.8156615553,0.8481949757,0.7798756876,0.7454643164,0.6952305518,0.6661480313,0.667171266,0.7360304651,0.7858297596,0.8037176584,0.8368950277,0.8399511108,0.8477627458,0.9099245966,0.9138387451,0.8969087246,0.8917309074,0.8679194022,0.9215767931,0.8750315723,0.8995697556,0.8798053662,0.8387412331,0.7894592718,0.7751775765,0.6753675521,0.8566484156,0.7742137833,0.7494169223,0.8459479871,0.8439067211,0.8823498304,0.8327444369,0.8760645354,0.8808256693,0.8453050682,0.8159212929,0.7115859205,null,null,null,null,null,null,null,null,null,null,null,null,null,null,null,null,null,null,null,null,null,null,null,null,null,null,null,null,null,null,null,null,null,null,null,null,null,null,null,null,null,null,null,null,null,null,null,null,null,null,null,null,null,null,null,null,null,null,null,null,null,null,null,null,null,null,null,null,null,null,null,null,null,null,null,null,null,null,null,null,null,null,null,null,null,null,null,null,null,null,null,null,null,null,null,null,null,null,null,null,null,null,null,null,null,null,null,null,null,null,null,null,null,null,null,null,null,null,null,null,null,null,null,null,null,null,null,null,null,null,null,null,null,null,null,null,null,null,null,null,null,null,null,null,null,null,null,null,null,null,null,null,null,null,null,null,null,null,null,null,null,null,null,null,null,null,null,null,null,null,null,null,null,null,null,null,null,null,null,null,null,null,null,null,null,null,null,null,null,null,null,null,null,null,null,null,null,null,null,null,null,null,null,null,null,null,null,null,null,null,null,null,null,null,null,null,null,null,null,null,null,null,null,null,null,null,null,null,null,null,null,null,null,null,null,null,null,null,null,null,null,null,null,null,null,null,null,null,null,null,null,null,null,null,null,null,null,null,null,null,null,null,null,null,null,null,null,null,null,null,null,null,null,null,null,null,null,null,null,null,null,null,null,null,null,null,null,null,null,null,null,null,null,null,null,null,null,null,null,null]},"global_scores":{"interaction_norm_score":-0.0192956044,"qmean6_z_score":-0.9358519559,"torsion_z_score":0.1769929938,"torsion_norm_score":-0.3486549825,"ss_agreement_z_score":-2.3107422544,"acc_agreement_norm_score":0.6947674419,"cbeta_norm_score":-0.0105344618,"packing_z_score":-0.7970164798,"packing_norm_score":-0.325645502,"qmean4_z_score":-0.2672622764,"interaction_z_score":-0.8117886533,"ss_agreement_norm_score":0.3795934029,"avg_local_score":0.8015311171,"cbeta_z_score":-0.6983174753,"qmean6_norm_score":0.7399454499,"qmean4_norm_score":0.7662090734,"acc_agreement_z_score":-0.0018023368,"avg_local_score_error":0.051}},"major_issues":null,"mod_engine":"PROMOD3","tpl_info":{"2rhb.1.A":{"origin":"reference database","entity_id":"1","label_asym_id":"A","entity_type":"polymer"}}}