{"templates":["cbce8826cfac8e8cc6410a01daa8eb8bf12b363b"],"oligo":{"based_on":"monomer","res_to_mdl":601,"state":"monomer","state_bu":"monomer","qs_prediction":"0.000","qs_conserved":"not conserved","chains_to_mdl":1,"state_tpl":"monomer"},"pred_lddt":0.150000006,"chain_subprj_list":null,"creation_date":"2020-01-31","ligands":[{"description":"ZINC ION","number":"1","reason":{"sterically_valid":true,"conserved_residues":true,"relevant":true,"bound":true},"included":true,"model_binding_residues":["A.935","A.938","A.956","A.959","_.1"],"name":["ZN"]},{"description":"ZINC ION","number":"2","reason":{"sterically_valid":true,"conserved_residues":true,"relevant":true,"bound":true},"included":true,"model_binding_residues":["A.980","A.982","A.985","A.1002","A.1005","_.2"],"name":["ZN"]},{"description":"ZINC ION","number":"3","reason":{"sterically_valid":true,"conserved_residues":true,"relevant":true,"bound":true},"included":true,"model_binding_residues":["A.946","A.949","A.963","A.969","_.3"],"name":["ZN"]}],"modified_template":false,"plip":null,"residue_range":[{"chain_name":"A","residue_from":"931","residue_to":"1526"}],"mdlchain_butpl_map":{"A":"6jyt.1.A","L_2":"6jyt.1.L_2","L_1":"6jyt.1.L_1","L_3":"6jyt.1.L_3"},"qmean_values":{"local_scores":{"A":[null,null,null,null,null,null,null,null,null,null,null,null,null,null,null,null,null,null,null,null,null,null,null,null,null,null,null,null,null,null,null,null,null,null,null,null,null,null,null,null,null,null,null,null,null,null,null,null,null,null,null,null,null,null,null,null,null,null,null,null,null,null,null,null,null,null,null,null,null,null,null,null,null,null,null,null,null,null,null,null,null,null,null,null,null,null,null,null,null,null,null,null,null,null,null,null,null,null,null,null,null,null,null,null,null,null,null,null,null,null,null,null,null,null,null,null,null,null,null,null,null,null,null,null,null,null,null,null,null,null,null,null,null,null,null,null,null,null,null,null,null,null,null,null,null,null,null,null,null,null,null,null,null,null,null,null,null,null,null,null,null,null,null,null,null,null,null,null,null,null,null,null,null,null,null,null,null,null,null,null,null,null,null,null,null,null,null,null,null,null,null,null,null,null,null,null,null,null,null,null,null,null,null,null,null,null,null,null,null,null,null,null,null,null,null,null,null,null,null,null,null,null,null,null,null,null,null,null,null,null,null,null,null,null,null,null,null,null,null,null,null,null,null,null,null,null,null,null,null,null,null,null,null,null,null,null,null,null,null,null,null,null,null,null,null,null,null,null,null,null,null,null,null,null,null,null,null,null,null,null,null,null,null,null,null,null,null,null,null,null,null,null,null,null,null,null,null,null,null,null,null,null,null,null,null,null,null,null,null,null,null,null,null,null,null,null,null,null,null,null,null,null,null,null,null,null,null,null,null,null,null,null,null,null,null,null,null,null,null,null,null,null,null,null,null,null,null,null,null,null,null,null,null,null,null,null,null,null,null,null,null,null,null,null,null,null,null,null,null,null,null,null,null,null,null,null,null,null,null,null,null,null,null,null,null,null,null,null,null,null,null,null,null,null,null,null,null,null,null,null,null,null,null,null,null,null,null,null,null,null,null,null,null,null,null,null,null,null,null,null,null,null,null,null,null,null,null,null,null,null,null,null,null,null,null,null,null,null,null,null,null,null,null,null,null,null,null,null,null,null,null,null,null,null,null,null,null,null,null,null,null,null,null,null,null,null,null,null,null,null,null,null,null,null,null,null,null,null,null,null,null,null,null,null,null,null,null,null,null,null,null,null,null,null,null,null,null,null,null,null,null,null,null,null,null,null,null,null,null,null,null,null,null,null,null,null,null,null,null,null,null,null,null,null,null,null,null,null,null,null,null,null,null,null,null,null,null,null,null,null,null,null,null,null,null,null,null,null,null,null,null,null,null,null,null,null,null,null,null,null,null,null,null,null,null,null,null,null,null,null,null,null,null,null,null,null,null,null,null,null,null,null,null,null,null,null,null,null,null,null,null,null,null,null,null,null,null,null,null,null,null,null,null,null,null,null,null,null,null,null,null,null,null,null,null,null,null,null,null,null,null,null,null,null,null,null,null,null,null,null,null,null,null,null,null,null,null,null,null,null,null,null,null,null,null,null,null,null,null,null,null,null,null,null,null,null,null,null,null,null,null,null,null,null,null,null,null,null,null,null,null,null,null,null,null,null,null,null,null,null,null,null,null,null,null,null,null,null,null,null,null,null,null,null,null,null,null,null,null,null,null,null,null,null,null,null,null,null,null,null,null,null,null,null,null,null,null,null,null,null,null,null,null,null,null,null,null,null,null,null,null,null,null,null,null,null,null,null,null,null,null,null,null,null,null,null,null,null,null,null,null,null,null,null,null,null,null,null,null,null,null,null,null,null,null,null,null,null,null,null,null,null,null,null,null,null,null,null,null,null,null,null,null,null,null,null,null,null,null,null,null,null,null,null,null,null,null,null,null,null,null,null,null,null,null,null,null,null,null,null,null,null,null,null,null,null,null,null,null,null,null,null,null,null,null,null,null,null,null,null,null,null,null,null,null,null,null,null,null,null,null,null,null,null,null,null,null,null,null,null,null,null,null,null,null,null,null,null,null,null,null,null,null,null,null,null,null,null,null,null,null,null,null,null,null,null,null,null,null,null,null,null,null,null,null,null,null,null,null,null,null,null,null,null,null,null,null,null,null,null,null,null,null,null,null,null,null,null,null,null,null,null,null,null,null,null,null,null,null,null,null,null,null,null,null,null,null,null,null,null,0.685967538,0.7372730292,0.7238158313,0.775498118,0.7944060748,0.7855719173,0.7711332942,0.7844725472,0.7413655574,0.7626701325,0.7052674838,0.7536890034,0.730821149,0.7537913168,0.7093709253,0.7943329047,0.7512647057,0.7634228416,0.7552070434,0.7279083217,0.715873137,0.7049840873,0.800133894,0.7423940762,0.7919252193,0.8268769559,0.8182679482,0.749567623,0.8305240883,0.8264630203,0.743724407,0.7538300188,0.7473820724,0.7613302268,0.7095079768,0.7090489804,0.727766505,0.7259071541,0.7279665699,0.7163041034,0.7467891678,0.7827987556,0.7306556081,0.7056148502,0.5832220649,0.6782395268,0.7630324174,0.7286351102,0.7784262181,0.8014669653,0.7643974853,0.8009948887,0.6990205084,0.7020999834,0.7436422952,0.7442659109,0.7850977012,0.7589713299,0.7402915178,0.7816226435,0.7513495038,0.7493436504,0.7617894784,0.7189767466,0.7140526162,0.6961392469,0.5117451019,0.529260706,0.7040105988,0.716532526,0.7251582161,0.7625875981,0.7231119531,0.7532292501,0.7312901575,0.6966270395,0.6152995407,0.4827310443,0.4480716008,0.612860755,0.5766818242,0.7635642859,0.7578464314,0.7812027292,0.7663636719,0.7358146377,0.7754714218,0.731305888,0.7888610685,0.7330333721,0.7493052732,0.6634261036,0.6149509433,0.6897710874,0.7198481405,0.7261392599,0.7580368706,0.7631035927,0.787452145,0.7576448207,0.7491149644,0.7851155814,0.7663542685,0.7641679197,0.7592700987,0.7811318352,0.7721302368,0.8240818603,0.7852937014,0.8332464836,0.7597269042,0.7839473912,0.7537985783,0.7302409043,0.7614833653,0.7252960276,0.7823537163,0.7418609653,0.7395701618,0.7373460422,0.7334212695,0.7651985466,0.8437143525,0.7699778174,0.7655467907,0.8072194017,0.7760684994,0.7398826366,0.7311819276,0.8063482542,0.7794751481,0.8007401249,0.8061142837,0.8820601357,0.8712636769,0.7754337375,0.8237556812,0.8367569132,0.7666185433,0.8428507665,0.7927606722,0.7699774186,0.7409087659,0.7395410942,0.6824129028,0.6965238864,0.6151109135,0.6554093768,0.6400435654,0.7331688421,0.7477773769,0.8347365264,0.8036209243,0.8135797085,0.7482694809,0.7734557576,0.781063837,0.7444922194,0.7490214157,0.7170409444,0.6564844056,0.7285431763,0.7587094675,0.7759149291,0.7770111925,0.8139886215,0.6657723748,0.6848667998,0.5801665095,0.5354777954,0.571720985,0.6818324918,0.7086750514,0.7967603576,0.7676191187,0.7609045923,0.7521718313,0.696723805,0.7482825096,0.7415732332,0.7914551105,0.7938494896,0.8084477934,0.847189818,0.773731366,0.7450814834,0.7858505045,0.6027065127,0.5706954973,0.5445794268,0.6128361662,0.6727955098,0.7819981962,0.7995647301,0.7997280191,0.8585964164,0.7877818623,0.7811672362,0.7768073999,0.7448770374,0.7250718435,0.6987687636,0.6883777151,0.5641984572,0.4229262883,0.6481328945,0.7529856218,0.8068016535,0.7908946304,0.7674542492,0.741873312,0.7055388828,0.7399038518,0.6936679422,0.7060839907,0.6075636072,0.6067869646,0.6968414124,0.7531234336,0.7668316503,0.7890724762,0.7914902888,0.7948092462,0.7993619801,0.8274768935,0.8159001612,0.772592797,0.7519209082,0.7288914169,0.6971297567,0.6516836581,0.7764757642,0.7211202377,0.768522002,0.7525597229,0.7502685252,0.7822184881,0.804646731,0.8010251023,0.7901392474,0.778282772,0.7736906645,0.7293664033,0.7027561837,0.6771169584,0.5347481696,0.5510062616,0.5677677091,0.6703749037,0.7079887145,0.7565145211,0.7263172021,0.6236457069,0.7368278924,0.690804538,0.5335788754,0.5787849567,0.6810658408,0.7463190032,0.6941173386,0.7077263353,0.7113526535,0.7310499243,0.7269081878,0.730168503,0.7313892659,0.7747453984,0.7769706906,0.7765108474,0.7076285058,0.7302624131,0.8260762167,0.8080920157,0.7309163204,0.7663526071,0.8074318079,0.8437251656,0.8478309334,0.8309919069,0.7958218984,0.771940411,0.800777811,0.8501029044,0.8546339402,0.8258752606,0.6706453238,0.7337334732,0.7446413767,0.7502883821,0.7625080914,0.8005324257,0.8400659175,0.7952095253,0.804470396,0.8066956089,0.832699832,0.7633236986,0.7905107144,0.8165726987,0.8397782047,0.8076968968,0.8448939159,0.7769933793,0.8490094958,0.8649138918,0.8750682359,0.8793889889,0.8760506014,0.7810251318,0.7817833388,0.7209786859,0.781988641,0.8284339355,0.8205057812,0.7744400014,0.7886760635,0.7808008088,0.7689303324,0.6693997765,0.7166123071,0.7983956569,0.7130263191,0.7159068859,0.7551847734,0.7698622078,0.7513233973,0.6402066318,0.6013368727,0.6259400583,0.6516529116,0.632902018,0.6366853034,0.643148601,0.6458416053,0.613624003,0.5826601077,0.6107513874,0.6271112848,0.6041964426,0.6003849635,0.5797900006,0.6008425029,0.6031960295,0.5777133369,0.4777589313,0.2908758312,0.3041971868,0.2357708611,0.3233737484,0.3146740107,0.3838679443,0.6030912202,0.5827564693,0.7508491454,0.8205896451,0.8417936509,0.8245425361,0.8299460224,0.8117494667,0.8504142598,0.7807227607,0.8260182758,0.8173087207,0.8036358241,0.7492397326,0.777592697,0.7818692271,0.8783043152,0.8702354102,0.8741740708,0.9053413819,0.9104826989,0.8904973463,0.8541231003,0.8302802011,0.8326712003,0.8695454321,0.7808777868,0.8751727416,0.8247857524,0.8249580477,0.8129183462,0.8110332062,0.8355626605,0.8299631458,0.8060702064,0.8374605812,0.8069251124,0.8278888844,0.7216487451,0.8027978865,0.7355337274,0.8796992717,0.8147264245,0.8342791169,0.871011906,0.896062136,0.8742909394,0.8532859842,0.8809948744,0.8142925858,0.8051383311,0.7961676917,0.7388481979,0.754888589,0.8014173846,0.8212583035,0.7934882403,0.7249900843,0.785514544,0.8136718632,0.7929378101,0.7518679496,0.7371176186,0.741704094,0.732994225,0.7689305079,0.7344817853,0.8035596114,0.716778644,0.7498080732,0.7726492931,0.7878392066,0.8365304546,0.8505936036,0.8359773157,0.7257475829,0.7857750006,0.7281283059,0.7210039934,0.7458589185,0.7211121786,0.7662880363,0.7848595821,0.7409090537,0.6953974428,0.6955141684,0.6944561177,0.6379126079,0.657119557,0.6911308046,0.6822970025,0.7160169403,0.7719782096,0.7173266247,0.6939166105,0.6476295539,0.6871672847,0.6973619239,0.6410562009,0.65485949,0.666168012,0.5891547566,0.54527416,0.3891254083,0.5250014457,0.4988568497,0.5127000948,0.4589931318,0.5347727524,0.6230451305,0.6194348713,0.6954950029,0.6469493449,0.6538074118,0.6235538807,0.6079444207,0.6007473234,0.5828500499,0.5944378606,0.5529427832,0.5501506891,0.5278039447,0.5429991385,0.4830255295,0.4522927333,0.5829922168,0.6836944982,0.6861910876,0.6435574814,0.6394749174,0.4984866557,0.5501254487,0.6370002521,0.6736422909,0.6835883914,0.6948057056,0.6480137494,0.6670249428,0.6287140203,0.7177585776,0.6515048849,0.6632893799,0.6651593582,0.6603625975,0.6318727596,0.5573572075,0.4677623682,0.2953009909,0.5005872574,0.5609954181,0.4613619036,0.5479890463,0.4405805198,0.3784897218,0.388964387,0.5307741598,0.630939162,0.7326635728,0.7523393131,0.7417010061,0.7410190729,0.7282595817,0.7212144903,0.6811141337,0.6777148538,0.6613476975,0.6567140874,0.6871773248,0.6747910219,0.6494469524,0.6933358834,0.6373440728,0.6174844798,0.6189171609,0.6168230389,0.6503350083,0.6774772856,0.7272943053,0.7357746968,0.7153546049,0.7318310467,0.7437289968,0.7042775545,0.7241053755,0.750448261,0.6992765768,0.7219842648,0.7451382371,0.7278075076,0.775878488,0.7527364443,0.7216659441,0.7684904312,0.7381216705,0.7132042264,0.7105658633,0.6616769588,0.6601557141,0.6209233031,0.6016123607,0.6151256456,0.6452608512,0.6343644635,0.6729888915,0.6432406562,0.6879957179,0.6769292254,0.7199173311,0.6914332877,0.7054850214,0.7310568141,0.7781664684,0.8285642905,0.7526419068,0.7910041504,0.7617030673,0.8285058513,0.7609197179,0.6968496931,0.7362212119,0.7275215173,0.7086185381,0.7103596451,0.6791990807,0.6330413358,0.6230452082,0.5880083041,0.4782075343,0.5094694906,0.5493568472,0.5149324674,0.5471035887,0.5346597372,0.5938225302,0.594339366,0.5830927705,0.5774678601,0.5257134342,0.4289262511,0.47150718,0.4457154219,0.5367001446,0.430527272,0.2973029246,0.4037785675,null,null,null,null,null,null,null,null,null,null,null,null,null,null,null,null,null,null,null,null,null,null,null,null,null,null,null,null,null,null,null,null,null,null,null,null,null,null,null,null,null,null,null,null,null,null,null,null,null,null,null,null,null,null,null,null,null,null,null,null,null,null,null,null,null,null,null,null,null,null,null,null,null,null,null,null,null,null,null,null,null,null,null,null,null,null,null,null,null,null,null,null,null,null,null,null,null,null,null,null,null,null,null,null,null,null,null,null,null,null,null,null,null,null,null,null,null,null,null,null,null,null,null,null,null,null,null,null,null,null,null,null,null,null,null,null,null,null,null,null,null,null,null,null,null,null,null,null,null,null,null,null,null,null,null,null,null,null,null,null,null,null,null,null,null,null,null,null,null,null,null,null,null,null,null,null,null,null,null,null,null,null,null,null,null,null,null,null,null,null,null,null,null,null,null,null,null,null,null,null,null,null,null,null,null,null,null,null,null,null,null,null,null,null,null,null,null,null,null,null,null,null,null,null,null,null,null,null,null,null,null,null,null,null,null,null,null,null,null,null,null,null,null,null,null,null,null,null,null,null,null,null,null,null,null,null,null,null,null,null,null,null,null,null,null,null,null,null,null,null,null,null,null,null,null,null,null,null,null,null,null,null,null,null,null,null,null,null,null,null,null,null,null,null,null,null,null,null,null,null,null,null,null,null,null,null,null,null,null,null,null,null,null,null,null,null,null,null,null,null,null,null,null,null,null,null,null,null,null,null,null,null,null,null,null,null,null,null,null,null,null,null,null,null,null,null,null,null,null,null,null,null,null,null,null,null,null,null,null,null,null,null,null,null,null,null,null,null,null,null,null,null,null,null,null,null,null,null,null,null,null,null,null,null,null,null,null,null,null,null,null,null,null,null,null,null,null,null,null,null,null,null,null,null,null,null,null,null,null,null,null,null,null,null,null,null,null,null,null,null,null,null,null,null,null,null,null,null,null,null,null,null,null,null,null,null,null,null,null,null,null,null,null,null,null,null,null,null,null,null,null,null,null,null,null,null,null,null,null,null,null,null,null,null,null,null,null,null,null,null,null,null,null,null,null,null,null,null,null,null,null,null,null,null,null,null,null,null,null,null,null,null,null,null,null,null,null,null,null,null,null,null,null,null,null,null,null,null,null,null,null,null,null,null,null,null,null,null,null,null,null,null,null,null,null,null,null,null,null,null,null,null,null,null,null,null,null,null,null,null,null,null,null,null,null,null,null,null,null,null,null,null,null,null,null,null,null,null,null,null,null,null,null,null,null,null,null,null,null,null,null,null,null,null,null,null,null,null,null,null,null,null,null,null,null,null,null,null,null,null,null,null,null,null,null,null,null,null,null,null,null,null,null,null,null,null,null,null,null,null,null,null,null,null,null,null,null,null,null,null,null,null,null,null,null,null,null,null,null,null,null,null,null,null,null,null,null,null,null,null,null,null,null,null,null,null,null,null,null,null,null,null,null,null,null,null,null,null,null,null,null,null,null,null,null,null,null,null,null,null,null,null,null,null,null,null,null,null,null,null,null,null,null,null,null,null,null,null,null,null,null,null,null,null,null,null,null,null,null,null,null,null,null,null,null,null,null,null,null,null,null,null,null,null,null,null,null,null,null,null,null,null,null,null,null,null,null,null,null,null,null,null,null,null,null,null,null,null,null,null,null,null,null,null,null,null,null,null,null,null,null,null,null,null,null,null,null,null,null,null,null,null,null,null,null,null,null,null,null,null,null,null,null,null,null,null,null,null,null,null,null,null,null,null,null,null,null,null,null,null,null,null,null,null,null,null,null,null,null,null,null,null,null,null,null,null,null,null,null,null,null,null,null,null,null,null,null,null,null,null,null,null,null,null,null,null,null,null,null,null,null,null,null,null,null,null,null,null,null,null,null,null,null,null,null,null,null,null,null,null,null,null,null,null,null,null,null,null,null,null,null,null,null,null,null,null,null,null,null,null,null,null,null,null,null,null,null,null,null,null,null,null,null,null,null,null,null,null,null,null,null,null,null,null,null,null,null,null,null,null,null,null,null,null,null,null,null,null,null,null,null,null,null,null,null,null,null,null,null,null,null,null,null,null,null,null,null,null,null,null,null,null,null,null,null,null,null,null,null,null,null,null,null,null,null,null,null,null,null,null,null,null,null,null,null,null,null,null,null,null,null,null,null,null,null,null,null,null,null,null,null,null,null,null,null,null,null,null,null,null,null,null,null,null,null,null,null,null,null,null,null,null,null,null,null,null,null,null,null,null,null,null,null,null,null,null,null,null,null,null,null,null,null,null,null,null,null,null,null,null,null,null,null,null,null,null,null,null,null,null,null,null,null,null,null,null,null,null,null,null,null,null,null,null,null,null,null,null,null,null,null,null,null,null,null,null,null,null,null,null,null,null,null,null,null,null,null,null,null,null,null,null,null,null,null,null,null,null,null,null,null,null,null,null,null,null,null,null,null,null,null,null,null,null,null,null,null,null,null,null,null,null,null,null,null,null,null,null,null,null,null,null,null,null,null,null,null,null,null,null,null,null,null,null,null,null,null,null,null,null,null,null,null,null,null,null,null,null,null,null,null,null,null,null,null,null,null,null,null,null,null,null,null,null,null,null,null,null,null,null,null,null,null,null,null,null,null,null,null,null,null,null,null,null,null,null]},"global_scores":{"interaction_norm_score":-0.0121463197,"qmean6_z_score":-4.245573658,"torsion_z_score":-3.679490562,"torsion_norm_score":0.0778250968,"ss_agreement_z_score":-2.7095673458,"acc_agreement_norm_score":0.6208053691,"cbeta_norm_score":-0.0086324874,"packing_z_score":-1.9686680239,"packing_norm_score":-0.2584270455,"qmean4_z_score":-4.571091394,"interaction_z_score":-2.1653060587,"ss_agreement_norm_score":0.3480406809,"avg_local_score":0.7130641244,"cbeta_z_score":-1.008774628,"qmean6_norm_score":0.5843753122,"qmean4_norm_score":0.6014787082,"acc_agreement_z_score":-0.8479570261,"avg_local_score_error":0.053}},"major_issues":null,"mod_engine":"PROMOD3","tpl_info":{"6jyt.1.A":{"origin":"reference database","entity_id":"1","label_asym_id":"A","entity_type":"polymer"},"6jyt.1.L_1":{"origin":"reference database","entity_id":"2","label_asym_id":"C","entity_type":"non-polymer"},"6jyt.1.L_3":{"origin":"reference database","entity_id":"2","label_asym_id":"E","entity_type":"non-polymer"},"6jyt.1.L_2":{"origin":"reference database","entity_id":"2","label_asym_id":"D","entity_type":"non-polymer"}}}